Mono path[0] = '/Users/manuel/code/wesen/2026-09-06--vision/output/virtualhome-install/simulator/Modified_Camera_Build_2023_0404_Mac.app/Contents/Resources/Data/Managed'
Mono config path = '/Users/manuel/code/wesen/2026-09-06--vision/output/virtualhome-install/simulator/Modified_Camera_Build_2023_0404_Mac.app/Contents/MonoBleedingEdge/etc'
Initialize engine version: 2020.3.18f1 (a7d1c678663c)
[Subsystems] Discovering subsystems at path /Users/manuel/code/wesen/2026-09-06--vision/output/virtualhome-install/simulator/Modified_Camera_Build_2023_0404_Mac.app/Contents/Resources/Data/UnitySubsystems
GfxDevice: creating device client; threaded=1
2026-09-06 17:12:29.796 VirtualHome[34414:30936261] (null) preferred device: Apple M1 Max (high power)
2026-09-06 17:12:29.796 VirtualHome[34414:30936261] Metal devices available: 1
2026-09-06 17:12:29.796 VirtualHome[34414:30936261] 0: Apple M1 Max (high power)
2026-09-06 17:12:29.796 VirtualHome[34414:30936261] Using device Apple M1 Max (high power)
Initializing Metal device caps: Apple M1 Max
Begin MonoManager ReloadAssembly
- Completed reload, in  0.062 seconds
Metal RecreateSurface[0x1051f4bf0]: surface size 4112x2572
Metal: buffer with 0 size was requested
Metal: buffer with 0 size was requested
Metal: buffer with 0 size was requested
Metal: buffer with 0 size was requested
Metal: buffer with 0 size was requested
Metal: buffer with 0 size was requested
Metal: buffer with 0 size was requested
Metal: buffer with 0 size was requested
Metal: buffer with 0 size was requested
Metal: buffer with 0 size was requested
Metal: buffer with 0 size was requested
Metal: buffer with 0 size was requested
Metal: buffer with 0 size was requested
Metal: buffer with 0 size was requested
Metal: buffer with 0 size was requested
Metal: buffer with 0 size was requested
Metal: buffer with 0 size was requested
Metal: buffer with 0 size was requested
Metal: buffer with 0 size was requested
Metal: buffer with 0 size was requested
Metal: buffer with 0 size was requested
Metal: buffer with 0 size was requested
Metal: buffer with 0 size was requested
Metal: buffer with 0 size was requested
Metal: buffer with 0 size was requested
Metal: buffer with 0 size was requested
Metal: buffer with 0 size was requested
Metal: buffer with 0 size was requested
Metal: buffer with 0 size was requested
Metal: buffer with 0 size was requested
Metal: buffer with 0 size was requested
Metal: buffer with 0 size was requested
Metal: buffer with 0 size was requested
Metal: buffer with 0 size was requested
Metal: buffer with 0 size was requested
Metal: buffer with 0 size was requested
Metal: buffer with 0 size was requested
Metal: buffer with 0 size was requested
Metal: buffer with 0 size was requested
Metal: buffer with 0 size was requested
Metal: buffer with 0 size was requested
Metal: buffer with 0 size was requested
Metal: buffer with 0 size was requested
Metal: buffer with 0 size was requested
Metal: buffer with 0 size was requested
Metal: buffer with 0 size was requested
Metal: buffer with 0 size was requested
Metal: buffer with 0 size was requested
Metal: buffer with 0 size was requested
Metal: buffer with 0 size was requested
Metal: buffer with 0 size was requested
Metal: buffer with 0 size was requested
Metal: buffer with 0 size was requested
Metal: buffer with 0 size was requested
Metal: buffer with 0 size was requested
Metal: buffer with 0 size was requested
Metal: buffer with 0 size was requested
Metal: buffer with 0 size was requested
Metal: buffer with 0 size was requested
Metal: buffer with 0 size was requested
Metal: buffer with 0 size was requested
Metal: buffer with 0 size was requested
Metal: buffer with 0 size was requested
Metal: buffer with 0 size was requested
Metal: buffer with 0 size was requested
Metal: buffer with 0 size was requested
Metal: buffer with 0 size was requested
Metal: buffer with 0 size was requested
Metal: buffer with 0 size was requested
Metal: buffer with 0 size was requested
Metal: buffer with 0 size was requested
Metal: buffer with 0 size was requested
Metal: buffer with 0 size was requested
Metal: buffer with 0 size was requested
Metal: buffer with 0 size was requested
Metal: buffer with 0 size was requested
Metal: buffer with 0 size was requested
Metal: buffer with 0 size was requested
Metal: buffer with 0 size was requested
Metal: buffer with 0 size was requested
Metal: buffer with 0 size was requested
Metal: buffer with 0 size was requested
Metal: buffer with 0 size was requested
Metal: buffer with 0 size was requested
Metal: buffer with 0 size was requested
Metal: buffer with 0 size was requested
Metal: buffer with 0 size was requested
Metal: buffer with 0 size was requested
Metal: buffer with 0 size was requested
Metal: buffer with 0 size was requested
Metal: buffer with 0 size was requested
Metal: buffer with 0 size was requested
Metal: buffer with 0 size was requested
Metal: buffer with 0 size was requested
Metal: buffer with 0 size was requested
Metal: buffer with 0 size was requested
Metal: buffer with 0 size was requested
Metal: buffer with 0 size was requested
Metal: buffer with 0 size was requested
Metal: buffer with 0 size was requested
Metal: buffer with 0 size was requested
Metal: buffer with 0 size was requested
Metal: buffer with 0 size was requested
Metal: buffer with 0 size was requested
Metal: buffer with 0 size was requested
Metal: buffer with 0 size was requested
Metal: buffer with 0 size was requested
Metal: buffer with 0 size was requested
Metal: buffer with 0 size was requested
Metal: buffer with 0 size was requested
Metal: buffer with 0 size was requested
Metal: buffer with 0 size was requested
Metal: buffer with 0 size was requested
Metal: buffer with 0 size was requested
Metal: buffer with 0 size was requested
Metal: buffer with 0 size was requested
Metal: buffer with 0 size was requested
Metal: buffer with 0 size was requested
Metal: buffer with 0 size was requested
Metal: buffer with 0 size was requested
Metal: buffer with 0 size was requested
Metal: buffer with 0 size was requested
Metal: buffer with 0 size was requested
Metal: buffer with 0 size was requested
Metal: buffer with 0 size was requested
Metal: buffer with 0 size was requested
Metal: buffer with 0 size was requested
Metal: buffer with 0 size was requested
Metal: buffer with 0 size was requested
Metal: buffer with 0 size was requested
Metal: buffer with 0 size was requested
Metal: buffer with 0 size was requested
Metal: buffer with 0 size was requested
Metal: buffer with 0 size was requested
Metal: buffer with 0 size was requested
Metal: buffer with 0 size was requested
Metal: buffer with 0 size was requested
Metal: buffer with 0 size was requested
Metal: buffer with 0 size was requested
Metal: buffer with 0 size was requested
Metal: buffer with 0 size was requested
Metal: buffer with 0 size was requested
Metal: buffer with 0 size was requested
Metal: buffer with 0 size was requested
Metal: buffer with 0 size was requested
Metal: buffer with 0 size was requested
Metal: buffer with 0 size was requested
Metal: buffer with 0 size was requested
Metal: buffer with 0 size was requested
Metal: buffer with 0 size was requested
Metal: buffer with 0 size was requested
Metal: buffer with 0 size was requested
Metal: buffer with 0 size was requested
Metal: buffer with 0 size was requested
Metal: buffer with 0 size was requested
Metal: buffer with 0 size was requested
Metal: buffer with 0 size was requested
Metal: buffer with 0 size was requested
Metal: buffer with 0 size was requested
Metal: buffer with 0 size was requested
Metal: buffer with 0 size was requested
Metal: buffer with 0 size was requested
Metal: buffer with 0 size was requested
Metal: buffer with 0 size was requested
Metal: buffer with 0 size was requested
Metal: buffer with 0 size was requested
Metal: buffer with 0 size was requested
Metal: buffer with 0 size was requested
Metal: buffer with 0 size was requested
Metal: buffer with 0 size was requested
Metal: buffer with 0 size was requested
Metal: buffer with 0 size was requested
Metal: buffer with 0 size was requested
Metal: buffer with 0 size was requested
Metal: buffer with 0 size was requested
Metal: buffer with 0 size was requested
Metal: buffer with 0 size was requested
Metal: buffer with 0 size was requested
Metal: buffer with 0 size was requested
Metal: buffer with 0 size was requested
Metal: buffer with 0 size was requested
Metal: buffer with 0 size was requested
Metal: buffer with 0 size was requested
Metal: buffer with 0 size was requested
Metal: buffer with 0 size was requested
Metal: buffer with 0 size was requested
Metal: buffer with 0 size was requested
Metal: buffer with 0 size was requested
Metal: buffer with 0 size was requested
Metal: buffer with 0 size was requested
Metal: buffer with 0 size was requested
Metal: buffer with 0 size was requested
Metal: buffer with 0 size was requested
Metal: buffer with 0 size was requested
Metal: buffer with 0 size was requested
Metal: buffer with 0 size was requested
Metal: buffer with 0 size was requested
Metal: buffer with 0 size was requested
Metal: buffer with 0 size was requested
Metal: buffer with 0 size was requested
Metal: buffer with 0 size was requested
Metal: buffer with 0 size was requested
Metal: buffer with 0 size was requested
Metal: buffer with 0 size was requested
Metal: buffer with 0 size was requested
Metal: buffer with 0 size was requested
Metal: buffer with 0 size was requested
Metal: buffer with 0 size was requested
Metal: buffer with 0 size was requested
Metal: buffer with 0 size was requested
Metal: buffer with 0 size was requested
Metal: buffer with 0 size was requested
Metal: buffer with 0 size was requested
Metal: buffer with 0 size was requested
Metal: buffer with 0 size was requested
Metal: buffer with 0 size was requested
Metal: buffer with 0 size was requested
Metal: buffer with 0 size was requested
Metal: buffer with 0 size was requested
Metal: buffer with 0 size was requested
Metal: buffer with 0 size was requested
Metal: buffer with 0 size was requested
Metal: buffer with 0 size was requested
Metal: buffer with 0 size was requested
Metal: buffer with 0 size was requested
Metal: buffer with 0 size was requested
Metal: buffer with 0 size was requested
Metal: buffer with 0 size was requested
Metal: buffer with 0 size was requested
Metal: buffer with 0 size was requested
Metal: buffer with 0 size was requested
Metal: buffer with 0 size was requested
Metal: buffer with 0 size was requested
Metal: buffer with 0 size was requested
Metal: buffer with 0 size was requested
Metal: buffer with 0 size was requested
Metal: buffer with 0 size was requested
Metal: buffer with 0 size was requested
Metal: buffer with 0 size was requested
Metal: buffer with 0 size was requested
Metal: buffer with 0 size was requested
Metal: buffer with 0 size was requested
Metal: buffer with 0 size was requested
Metal: buffer with 0 size was requested
Metal: buffer with 0 size was requested
Metal: buffer with 0 size was requested
Metal: buffer with 0 size was requested
Metal: buffer with 0 size was requested
Metal: buffer with 0 size was requested
Metal: buffer with 0 size was requested
Metal: buffer with 0 size was requested
Metal: buffer with 0 size was requested
Metal: buffer with 0 size was requested
Metal: buffer with 0 size was requested
Metal: buffer with 0 size was requested
Metal: buffer with 0 size was requested
Metal: buffer with 0 size was requested
Metal: buffer with 0 size was requested
Metal: buffer with 0 size was requested
Metal: buffer with 0 size was requested
Metal: buffer with 0 size was requested
Metal: buffer with 0 size was requested
Metal: buffer with 0 size was requested
Metal: buffer with 0 size was requested
Metal: buffer with 0 size was requested
Metal: buffer with 0 size was requested
Metal: buffer with 0 size was requested
Metal: buffer with 0 size was requested
Metal: buffer with 0 size was requested
Metal: buffer with 0 size was requested
Metal: buffer with 0 size was requested
Metal: buffer with 0 size was requested
Metal: buffer with 0 size was requested
Metal: buffer with 0 size was requested
Metal: buffer with 0 size was requested
Metal: buffer with 0 size was requested
Metal: buffer with 0 size was requested
Metal: buffer with 0 size was requested
Metal: buffer with 0 size was requested
Metal: buffer with 0 size was requested
Metal: buffer with 0 size was requested
Metal: buffer with 0 size was requested
Metal: buffer with 0 size was requested
Metal: buffer with 0 size was requested
Metal: buffer with 0 size was requested
Metal: buffer with 0 size was requested
Metal: buffer with 0 size was requested
Metal: buffer with 0 size was requested
Metal: buffer with 0 size was requested
Metal: buffer with 0 size was requested
Metal: buffer with 0 size was requested
Metal: buffer with 0 size was requested
Metal: buffer with 0 size was requested
Metal: buffer with 0 size was requested
Metal: buffer with 0 size was requested
Metal: buffer with 0 size was requested
Metal: buffer with 0 size was requested
Metal: buffer with 0 size was requested
Metal: buffer with 0 size was requested
Metal: buffer with 0 size was requested
Metal: buffer with 0 size was requested
Metal: buffer with 0 size was requested
Metal: buffer with 0 size was requested
Metal: buffer with 0 size was requested
Metal: buffer with 0 size was requested
Metal: buffer with 0 size was requested
Metal: buffer with 0 size was requested
Metal: buffer with 0 size was requested
Metal: buffer with 0 size was requested
Metal: buffer with 0 size was requested
Metal: buffer with 0 size was requested
Metal: buffer with 0 size was requested
Metal: buffer with 0 size was requested
Metal: buffer with 0 size was requested
Metal: buffer with 0 size was requested
Metal: buffer with 0 size was requested
Metal: buffer with 0 size was requested
Metal: buffer with 0 size was requested
Metal: buffer with 0 size was requested
Metal: buffer with 0 size was requested
Metal: buffer with 0 size was requested
Metal: buffer with 0 size was requested
Metal: buffer with 0 size was requested
Metal: buffer with 0 size was requested
Metal: buffer with 0 size was requested
Metal: buffer with 0 size was requested
Metal: buffer with 0 size was requested
Metal: buffer with 0 size was requested
Metal: buffer with 0 size was requested
Metal: buffer with 0 size was requested
Metal: buffer with 0 size was requested
Metal: buffer with 0 size was requested
Metal: buffer with 0 size was requested
Metal: buffer with 0 size was requested
Metal: buffer with 0 size was requested
Metal: buffer with 0 size was requested
Metal: buffer with 0 size was requested
Metal: buffer with 0 size was requested
Metal: buffer with 0 size was requested
Metal: buffer with 0 size was requested
Metal: buffer with 0 size was requested
Metal: buffer with 0 size was requested
Metal: buffer with 0 size was requested
Metal: buffer with 0 size was requested
Metal: buffer with 0 size was requested
Metal: buffer with 0 size was requested
Metal: buffer with 0 size was requested
Metal: buffer with 0 size was requested
Metal: buffer with 0 size was requested
Metal: buffer with 0 size was requested
Metal: buffer with 0 size was requested
Metal: buffer with 0 size was requested
Metal: buffer with 0 size was requested
Metal: buffer with 0 size was requested
Metal: buffer with 0 size was requested
Metal: buffer with 0 size was requested
Metal: buffer with 0 size was requested
Metal: buffer with 0 size was requested
Metal: buffer with 0 size was requested
Metal: buffer with 0 size was requested
Metal: buffer with 0 size was requested
Metal: buffer with 0 size was requested
Metal: buffer with 0 size was requested
Metal: buffer with 0 size was requested
Metal: buffer with 0 size was requested
Metal: buffer with 0 size was requested
Metal: buffer with 0 size was requested
Metal: buffer with 0 size was requested
Metal: buffer with 0 size was requested
Metal: buffer with 0 size was requested
Metal: buffer with 0 size was requested
Metal: buffer with 0 size was requested
Metal: buffer with 0 size was requested
Metal: buffer with 0 size was requested
Metal: buffer with 0 size was requested
Metal: buffer with 0 size was requested
Metal: buffer with 0 size was requested
Metal: buffer with 0 size was requested
Metal: buffer with 0 size was requested
Metal: buffer with 0 size was requested
Metal: buffer with 0 size was requested
Metal: buffer with 0 size was requested
Metal: buffer with 0 size was requested
Metal: buffer with 0 size was requested
Metal: buffer with 0 size was requested
Metal: buffer with 0 size was requested
Metal: buffer with 0 size was requested
Metal: buffer with 0 size was requested
Metal: buffer with 0 size was requested
Metal: buffer with 0 size was requested
Metal: buffer with 0 size was requested
Metal: buffer with 0 size was requested
Metal: buffer with 0 size was requested
Metal: buffer with 0 size was requested
Metal: buffer with 0 size was requested
Metal: buffer with 0 size was requested
Metal: buffer with 0 size was requested
Metal: buffer with 0 size was requested
UnloadTime: 1.613958 ms
Failed to create agent because there is no valid NavMesh
Amounts of assets = 1322
Name tsfm = PRE_ELE_Light_switch_01  Name tsfm.parent.parent = PRE_ROO_Bathroom_01 (UnityEngine.Transform)  SpecailBehavior_478
 lamps name = Lamps  SpecialBehavior_483
child = PRE_FUR_Coffee_table_01_06 in ProcessHome
Coffee table Nav name = Coffee_T_Nav
Name tsfm = PRE_ELE_Light_switch_01  Name tsfm.parent.parent = PRE_ROO_Bedroom_01 (UnityEngine.Transform)  SpecailBehavior_478
 lamps name = Lamps  SpecialBehavior_483
Name tsfm = PRE_ELE_Light_switch_01  Name tsfm.parent.parent = PRE_ROO_Kitchen_01 (UnityEngine.Transform)  SpecailBehavior_478
 lamps name = Lamps  SpecialBehavior_483
child = PRE_FUR_Coffee_table_01_12 in ProcessHome
Coffee table Nav name = Coffee_T_Nav
Name tsfm = PRE_ELE_Light_switch_01  Name tsfm.parent.parent = PRE_ROO_Livingroom_01 (UnityEngine.Transform)  SpecailBehavior_478
 lamps name = Lamps  SpecialBehavior_483
Get Coffee for Obstacle = Coffee_T_Nav
Get Coffee for Obstacle = Coffee_T_Nav
 Count Coffee table 2  at Gatherring
HEre
HEre
HEre
HEre
Waiting for request
ImageWidth = 960  ImageHeight = 720 at Start
width = 480 hight = 360
BoxColliders does not support negative scale or size.
The effective box size has been forced positive and is likely to give unexpected collision geometry.
If you absolutely need to use negative scaling you can use the convex MeshCollider. Scene hierarchy path "Home_0/PRE_ROO_Kitchen_01/Furniture/PRE_FUR_Bench_01_03/Collider/GameObject"
BoxColliders does not support negative scale or size.
The effective box size has been forced positive and is likely to give unexpected collision geometry.
If you absolutely need to use negative scaling you can use the convex MeshCollider. Scene hierarchy path "Home_0/PRE_ROO_Kitchen_01/Furniture/PRE_FUR_Bench_01_03/Collider/GameObject"
BoxColliders does not support negative scale or size.
The effective box size has been forced positive and is likely to give unexpected collision geometry.
If you absolutely need to use negative scaling you can use the convex MeshCollider. Scene hierarchy path "Home_0/PRE_ROO_Kitchen_01/Furniture/PRE_FUR_Bench_01_03/Collider/GameObject"
BoxColliders does not support negative scale or size.
The effective box size has been forced positive and is likely to give unexpected collision geometry.
If you absolutely need to use negative scaling you can use the convex MeshCollider. Scene hierarchy path "Home_0/PRE_ROO_Kitchen_01/Furniture/PRE_FUR_Bench_01_03/Collider/GameObject"
BoxColliders does not support negative scale or size.
The effective box size has been forced positive and is likely to give unexpected collision geometry.
If you absolutely need to use negative scaling you can use the convex MeshCollider. Scene hierarchy path "Home_0/PRE_ROO_Bathroom_01/Props/SHP_PRE_Toothpaste/Collider"
BoxColliders does not support negative scale or size.
The effective box size has been forced positive and is likely to give unexpected collision geometry.
If you absolutely need to use negative scaling you can use the convex MeshCollider. Scene hierarchy path "Home_0/PRE_ROO_Kitchen_01/Furniture/PRE_FUR_Bench_01_03/Collider/GameObject"
BoxColliders does not support negative scale or size.
The effective box size has been forced positive and is likely to give unexpected collision geometry.
If you absolutely need to use negative scaling you can use the convex MeshCollider. Scene hierarchy path "Home_0/PRE_ROO_Kitchen_01/Furniture/PRE_FUR_Bench_01_03/Collider/GameObject"
Setting up 5 worker threads for Enlighten.
  Thread -> id: 3297d3000 -> priority: 1 
  Thread -> id: 32965b000 -> priority: 1 
  Thread -> id: 329747000 -> priority: 1 
  Thread -> id: 32985f000 -> priority: 1 
  Thread -> id: 329967000 -> priority: 1 
Received request: {"id": "actions-ready", "action": "idle"}
Processing
Waiting for request
Received request: {"id": "1788729200.1096041", "action": "reset", "intParams": [0]}
Processing
Unloading 5 Unused Serialized files (Serialized files now loaded: 0)
UnloadTime: 6.087542 ms
Failed to create agent because there is no valid NavMesh

Unloading 863 unused Assets to reduce memory usage. Loaded Objects now: 8889.
Total: 1.870792 ms (FindLiveObjects: 0.286583 ms CreateObjectMapping: 0.059083 ms MarkObjects: 1.320708 ms  DeleteObjects: 0.204292 ms)

Amounts of assets = 1322
Name tsfm = PRE_ELE_Light_switch_01  Name tsfm.parent.parent = PRE_ROO_Bathroom_01 (UnityEngine.Transform)  SpecailBehavior_478
 lamps name = Lamps  SpecialBehavior_483
child = PRE_FUR_Coffee_table_01_06 in ProcessHome
Coffee table Nav name = Coffee_T_Nav
Name tsfm = PRE_ELE_Light_switch_01  Name tsfm.parent.parent = PRE_ROO_Bedroom_01 (UnityEngine.Transform)  SpecailBehavior_478
 lamps name = Lamps  SpecialBehavior_483
Name tsfm = PRE_ELE_Light_switch_01  Name tsfm.parent.parent = PRE_ROO_Kitchen_01 (UnityEngine.Transform)  SpecailBehavior_478
 lamps name = Lamps  SpecialBehavior_483
child = PRE_FUR_Coffee_table_01_12 in ProcessHome
Coffee table Nav name = Coffee_T_Nav
Name tsfm = PRE_ELE_Light_switch_01  Name tsfm.parent.parent = PRE_ROO_Livingroom_01 (UnityEngine.Transform)  SpecailBehavior_478
 lamps name = Lamps  SpecialBehavior_483
Get Coffee for Obstacle = Coffee_T_Nav
Get Coffee for Obstacle = Coffee_T_Nav
 Count Coffee table 2  at Gatherring
HEre
HEre
HEre
HEre
Waiting for request
ImageWidth = 960  ImageHeight = 720 at Start
width = 480 hight = 360
Processing
 I am at environment graph now...
currentGraph is null at environment_graph...
 characters in UpdateGrapEdges = 0
Waiting for request
BoxColliders does not support negative scale or size.
The effective box size has been forced positive and is likely to give unexpected collision geometry.
If you absolutely need to use negative scaling you can use the convex MeshCollider. Scene hierarchy path "Home_0/PRE_ROO_Kitchen_01/Furniture/PRE_FUR_Bench_01_03/Collider/GameObject"
BoxColliders does not support negative scale or size.
The effective box size has been forced positive and is likely to give unexpected collision geometry.
If you absolutely need to use negative scaling you can use the convex MeshCollider. Scene hierarchy path "Home_0/PRE_ROO_Kitchen_01/Furniture/PRE_FUR_Bench_01_03/Collider/GameObject"
BoxColliders does not support negative scale or size.
The effective box size has been forced positive and is likely to give unexpected collision geometry.
If you absolutely need to use negative scaling you can use the convex MeshCollider. Scene hierarchy path "Home_0/PRE_ROO_Kitchen_01/Furniture/PRE_FUR_Bench_01_03/Collider/GameObject"
BoxColliders does not support negative scale or size.
The effective box size has been forced positive and is likely to give unexpected collision geometry.
If you absolutely need to use negative scaling you can use the convex MeshCollider. Scene hierarchy path "Home_0/PRE_ROO_Kitchen_01/Furniture/PRE_FUR_Bench_01_03/Collider/GameObject"
BoxColliders does not support negative scale or size.
The effective box size has been forced positive and is likely to give unexpected collision geometry.
If you absolutely need to use negative scaling you can use the convex MeshCollider. Scene hierarchy path "Home_0/PRE_ROO_Bathroom_01/Props/SHP_PRE_Toothpaste/Collider"
BoxColliders does not support negative scale or size.
The effective box size has been forced positive and is likely to give unexpected collision geometry.
If you absolutely need to use negative scaling you can use the convex MeshCollider. Scene hierarchy path "Home_0/PRE_ROO_Kitchen_01/Furniture/PRE_FUR_Bench_01_03/Collider/GameObject"
BoxColliders does not support negative scale or size.
The effective box size has been forced positive and is likely to give unexpected collision geometry.
If you absolutely need to use negative scaling you can use the convex MeshCollider. Scene hierarchy path "Home_0/PRE_ROO_Kitchen_01/Furniture/PRE_FUR_Bench_01_03/Collider/GameObject"
Received request: {"id": "1788729200.3729541", "action": "environment_graph"}
Processing
 I am at environment graph now...
currentGraph is not null at environment_graph...
Waiting for request
Received request: {"id": "1788729200.409159", "action": "add_character", "stringParams": ["{\"character_resource\": \"Chars/Male1\", \"mode\": \"fix_position\", \"character_position\": {\"x\": 6.8704133, \"y\": 1.25, \"z\": -7.81331348}, \"initial_room\": \"\"}"]}
Processing
 characters in UpdateGrapEdges = 1
I am at UpdateGrah in EnvironmentGraph 1
Update currentGraph at add_charcter...
Character nama = Male1
Waiting for request
Received request: {"id": "1788729200.51844", "action": "environment_graph"}
Processing
 I am at environment graph now...
currentGraph is not null at environment_graph...
Waiting for request
Received request: {"id": "1788729200.5703402", "action": "camera_count"}
Processing
Waiting for request
Received request: {"id": "1788729200.5730271", "action": "add_camera", "stringParams": ["{\"position\": {\"x\": 3.98045757737851, \"y\": 1.65, \"z\": -7.01673767341595}, \"rotation\": {\"x\": 15.94539590092285, \"y\": 68.19846313594633, \"z\": 0}}"]}
Processing
Waiting for request
Received request: {"id": "1788729200.5839272", "action": "render_script", "stringParams": ["{\"randomize_execution\": false, \"random_seed\": 1000, \"processing_time_limit\": 10, \"skip_execution\": false, \"output_folder\": \"/Users/manuel/code/wesen/2026-09-06--vision/output/virtualhome-corpus/paired-actions-v1/episodes/dv-553d1cbcddb72f56/attempt-0001\", \"file_name_prefix\": \"episode\", \"frame_rate\": 10, \"image_synthesis\": [\"normal\"], \"find_solution\": false, \"save_pose_data\": true, \"save_scene_states\": false, \"camera_mode\": [\"103\"], \"recording\": true, \"image_width\": 640, \"image_height\": 480, \"time_scale\": 1.0, \"skip_animation\": false, \"vis_check_object\": false, \"vis_check_character\": false, \"vis_check_object_all\": false, \"out_graph\": true, \"per_frame\": 1, \"specified_cameras\": [], \"diagonal_cameras1\": [], \"diagonal_cameras2\": []}", "<char0> [Walk] <sofa> (375)", "<char0> [LookAt] <sofa> (375)", "<char0> [Sit] <sofa> (375)", "<char0> [LookAt] <sofa> (375)", "<char0> [StandUp]", "<char0> [LookAt] <sofa> (375)"]}
Processing
 I have EnvironmentGraph !!!!
 characters in UpdateGrapEdges = 1
I am at UpdateGrah in EnvironmentGraph 1
Num of Recorder = 1
sExcuters counts = 1 at ParseScript in Execution.cs
name of h = Home_0
 ParseScript <char0> [Walk] <sofa> (375)
 ParseScript <char0> [LookAt] <sofa> (375)
 ParseScript <char0> [Sit] <sofa> (375)
 ParseScript <char0> [LookAt] <sofa> (375)
 ParseScript <char0> [StandUp]
 ParseScript <char0> [LookAt] <sofa> (375)
 ParseLineForChar actionStr Walk
 ParseScriptForChar Interaction WALK
 ParseLineForChar actionStr LookAt
 ParseScriptForChar Interaction LOOKAT
 ParseLineForChar actionStr Sit
 ParseScriptForChar Interaction SIT
 ParseLineForChar actionStr LookAt
 ParseScriptForChar Interaction LOOKAT
 ParseLineForChar actionStr StandUp
 ParseScriptForChar Interaction STANDUP
 ParseLineForChar actionStr LookAt
 ParseScriptForChar Interaction LOOKAT
 action type = WALK  name0 = sofa  instance0 = 375  name1 =   instance1 = 0
 I am at AddActtion(GotoAction a) in ScriptExcution.cs
 action type = LOOKAT  name0 = sofa  instance0 = 375  name1 =   instance1 = 0
 action type = SIT  name0 = sofa  instance0 = 375  name1 =   instance1 = 0
 action type = LOOKAT  name0 = sofa  instance0 = 375  name1 =   instance1 = 0
 action type = STANDUP  name0 =   instance0 = 0  name1 =   instance1 = 0
 action type = LOOKAT  name0 = sofa  instance0 = 375  name1 =   instance1 = 0
Process...count = 6
0
Process...Action = StoryGenerator.Utilities.GotoAction
 I am at ProcessWalk in ScriptExcution.cs 
 I am at ProcessWalkAction in ScriptExcution.cs
gods count = 1
ProcessWalkAction, a.Name.Name = sofa  a.Name.Instance = 375
ProcessWalkAction, go.name = PRE_FUR_Sofa_01_02_02
 I am at ProcessWalkAction No 2.0f in ScriptExcution.cs  go.name = PRE_FUR_Sofa_01_02_02
Process...Action = StoryGenerator.Utilities.WatchAction
Process...Action = StoryGenerator.Utilities.SitAction
Process...Action = StoryGenerator.Utilities.WatchAction
Process...Action = StoryGenerator.Utilities.WatchAction
Process...Action = StoryGenerator.Utilities.StandupAction
Process...Action = StoryGenerator.Utilities.WatchAction
ProcessRec spli >= spl.Count || sl.Count == 0
prepare time: 0
I am at ExecuteGoto in ScriptExcution.cs
I found sofa   ID = 375   Pref Name = PRE_FUR_Sofa_01_02_02
 Count Coffee table 2  at Set
I found sofa   ID = 375   Pref Name = PRE_FUR_Sofa_01_02_02
I am at ExecuteWalkOrRun State Name = sofa  Id = 375
currentFrame 0  scriptLine 0  action WALK  frameStart 0  frameEnd 0
 Count Coffee table 2  at Set
Agent Radius = 0.2
Agent Height = 1.8
PathComplete
 characters in UpdateGrapEdges = 1
I am at UpdateGrah in EnvironmentGraph 1
Now UpDateGrabbedEdge...
 I out graph json   frame Num = 0
 characters in UpdateGrapEdges = 1
I am at UpdateGrah in EnvironmentGraph 1
Now UpDateGrabbedEdge...
 I out graph json   frame Num = 1
 characters in UpdateGrapEdges = 1
I am at UpdateGrah in EnvironmentGraph 1
Now UpDateGrabbedEdge...
 I out graph json   frame Num = 2
 characters in UpdateGrapEdges = 1
I am at UpdateGrah in EnvironmentGraph 1
Now UpDateGrabbedEdge...
 I out graph json   frame Num = 3
 characters in UpdateGrapEdges = 1
I am at UpdateGrah in EnvironmentGraph 1
Now UpDateGrabbedEdge...
 I out graph json   frame Num = 4
 characters in UpdateGrapEdges = 1
I am at UpdateGrah in EnvironmentGraph 1
Now UpDateGrabbedEdge...
 I out graph json   frame Num = 5
 characters in UpdateGrapEdges = 1
I am at UpdateGrah in EnvironmentGraph 1
Now UpDateGrabbedEdge...
 I out graph json   frame Num = 6
 characters in UpdateGrapEdges = 1
I am at UpdateGrah in EnvironmentGraph 1
Now UpDateGrabbedEdge...
 I out graph json   frame Num = 7
 characters in UpdateGrapEdges = 1
I am at UpdateGrah in EnvironmentGraph 1
Now UpDateGrabbedEdge...
 I out graph json   frame Num = 8
 characters in UpdateGrapEdges = 1
I am at UpdateGrah in EnvironmentGraph 1
Now UpDateGrabbedEdge...
 I out graph json   frame Num = 9
m_pos_lookAt != null
SetFloat ANIM_STR_TURN
 characters in UpdateGrapEdges = 1
I am at UpdateGrah in EnvironmentGraph 1
Now UpDateGrabbedEdge...
 I out graph json   frame Num = 10
SetFloat ANIM_STR_TURN
 characters in UpdateGrapEdges = 1
I am at UpdateGrah in EnvironmentGraph 1
Now UpDateGrabbedEdge...
 I out graph json   frame Num = 11
SetFloat ANIM_STR_TURN
 characters in UpdateGrapEdges = 1
I am at UpdateGrah in EnvironmentGraph 1
Now UpDateGrabbedEdge...
 I out graph json   frame Num = 12
SetFloat ANIM_STR_TURN
 characters in UpdateGrapEdges = 1
I am at UpdateGrah in EnvironmentGraph 1
Now UpDateGrabbedEdge...
 I out graph json   frame Num = 13
SetFloat ANIM_STR_TURN
 characters in UpdateGrapEdges = 1
I am at UpdateGrah in EnvironmentGraph 1
Now UpDateGrabbedEdge...
 I out graph json   frame Num = 14
SetFloat ANIM_STR_TURN
 characters in UpdateGrapEdges = 1
I am at UpdateGrah in EnvironmentGraph 1
Now UpDateGrabbedEdge...
 I out graph json   frame Num = 15
SetFloat ANIM_STR_TURN
 characters in UpdateGrapEdges = 1
I am at UpdateGrah in EnvironmentGraph 1
Now UpDateGrabbedEdge...
 I out graph json   frame Num = 16
SetFloat ANIM_STR_TURN
 characters in UpdateGrapEdges = 1
I am at UpdateGrah in EnvironmentGraph 1
Now UpDateGrabbedEdge...
 I out graph json   frame Num = 17
SetFloat ANIM_STR_TURN
 characters in UpdateGrapEdges = 1
I am at UpdateGrah in EnvironmentGraph 1
Now UpDateGrabbedEdge...
 I out graph json   frame Num = 18
SetFloat ANIM_STR_TURN
 characters in UpdateGrapEdges = 1
I am at UpdateGrah in EnvironmentGraph 1
Now UpDateGrabbedEdge...
 I out graph json   frame Num = 19
SetFloat ANIM_STR_TURN
 characters in UpdateGrapEdges = 1
I am at UpdateGrah in EnvironmentGraph 1
Now UpDateGrabbedEdge...
 I out graph json   frame Num = 20
SetFloat ANIM_STR_TURN
 characters in UpdateGrapEdges = 1
I am at UpdateGrah in EnvironmentGraph 1
Now UpDateGrabbedEdge...
 I out graph json   frame Num = 21
SetFloat ANIM_STR_TURN
 characters in UpdateGrapEdges = 1
I am at UpdateGrah in EnvironmentGraph 1
Now UpDateGrabbedEdge...
 I out graph json   frame Num = 22
SetFloat ANIM_STR_TURN
 characters in UpdateGrapEdges = 1
I am at UpdateGrah in EnvironmentGraph 1
Now UpDateGrabbedEdge...
 I out graph json   frame Num = 23
SetFloat ANIM_STR_TURN
 characters in UpdateGrapEdges = 1
I am at UpdateGrah in EnvironmentGraph 1
Now UpDateGrabbedEdge...
 I out graph json   frame Num = 24
SetFloat ANIM_STR_TURN
 characters in UpdateGrapEdges = 1
I am at UpdateGrah in EnvironmentGraph 1
Now UpDateGrabbedEdge...
 I out graph json   frame Num = 25
SetFloat ANIM_STR_TURN
 characters in UpdateGrapEdges = 1
I am at UpdateGrah in EnvironmentGraph 1
Now UpDateGrabbedEdge...
 I out graph json   frame Num = 26
SetFloat ANIM_STR_TURN
 characters in UpdateGrapEdges = 1
I am at UpdateGrah in EnvironmentGraph 1
Now UpDateGrabbedEdge...
 I out graph json   frame Num = 27
SetFloat ANIM_STR_TURN
 characters in UpdateGrapEdges = 1
I am at UpdateGrah in EnvironmentGraph 1
Now UpDateGrabbedEdge...
 I out graph json   frame Num = 28
SetFloat ANIM_STR_TURN
 characters in UpdateGrapEdges = 1
I am at UpdateGrah in EnvironmentGraph 1
Now UpDateGrabbedEdge...
 I out graph json   frame Num = 29
SetFloat ANIM_STR_TURN
 characters in UpdateGrapEdges = 1
I am at UpdateGrah in EnvironmentGraph 1
Now UpDateGrabbedEdge...
 I out graph json   frame Num = 30
SetFloat ANIM_STR_TURN
 characters in UpdateGrapEdges = 1
I am at UpdateGrah in EnvironmentGraph 1
Now UpDateGrabbedEdge...
 I out graph json   frame Num = 31
SetFloat ANIM_STR_TURN
 characters in UpdateGrapEdges = 1
I am at UpdateGrah in EnvironmentGraph 1
Now UpDateGrabbedEdge...
 I out graph json   frame Num = 32
SetFloat ANIM_STR_TURN
 characters in UpdateGrapEdges = 1
I am at UpdateGrah in EnvironmentGraph 1
Now UpDateGrabbedEdge...
 I out graph json   frame Num = 33
SetFloat ANIM_STR_TURN
 characters in UpdateGrapEdges = 1
I am at UpdateGrah in EnvironmentGraph 1
Now UpDateGrabbedEdge...
 I out graph json   frame Num = 34
SetFloat ANIM_STR_TURN
 characters in UpdateGrapEdges = 1
I am at UpdateGrah in EnvironmentGraph 1
Now UpDateGrabbedEdge...
 I out graph json   frame Num = 35
SetFloat ANIM_STR_TURN
 characters in UpdateGrapEdges = 1
I am at UpdateGrah in EnvironmentGraph 1
Now UpDateGrabbedEdge...
 I out graph json   frame Num = 36
SetFloat ANIM_STR_TURN
 characters in UpdateGrapEdges = 1
I am at UpdateGrah in EnvironmentGraph 1
Now UpDateGrabbedEdge...
 I out graph json   frame Num = 37
SetFloat ANIM_STR_TURN
 characters in UpdateGrapEdges = 1
I am at UpdateGrah in EnvironmentGraph 1
Now UpDateGrabbedEdge...
 I out graph json   frame Num = 38
SetFloat ANIM_STR_TURN
 characters in UpdateGrapEdges = 1
I am at UpdateGrah in EnvironmentGraph 1
Now UpDateGrabbedEdge...
 I out graph json   frame Num = 39
currentFrame 40  scriptLine 0  action WALK  frameStart 0  frameEnd 40
currentFrame 40  scriptLine 1  action TURNTO  frameStart 41  frameEnd 0
 Count Coffee table 2  at Set
 characters in UpdateGrapEdges = 1
I am at UpdateGrah in EnvironmentGraph 1
Now UpDateGrabbedEdge...
 I out graph json   frame Num = 40
currentFrame 41  scriptLine 0  action WALK  frameStart 0  frameEnd 40
currentFrame 41  scriptLine 1  action TURNTO  frameStart 41  frameEnd 41
currentFrame 41  scriptLine 2  action SIT  frameStart 42  frameEnd 0
I found sofa   ID = 375   Pref Name = PRE_FUR_Sofa_01_02_02
 Count Coffee table 2  at Set
 characters in UpdateGrapEdges = 1
I am at UpdateGrah in EnvironmentGraph 1
Now UpDateGrabbedEdge...
 I out graph json   frame Num = 41
 characters in UpdateGrapEdges = 1
I am at UpdateGrah in EnvironmentGraph 1
Now UpDateGrabbedEdge...
 I out graph json   frame Num = 42
 characters in UpdateGrapEdges = 1
I am at UpdateGrah in EnvironmentGraph 1
Now UpDateGrabbedEdge...
 I out graph json   frame Num = 43
 characters in UpdateGrapEdges = 1
I am at UpdateGrah in EnvironmentGraph 1
Now UpDateGrabbedEdge...
 I out graph json   frame Num = 44
 characters in UpdateGrapEdges = 1
I am at UpdateGrah in EnvironmentGraph 1
Now UpDateGrabbedEdge...
 I out graph json   frame Num = 45
 characters in UpdateGrapEdges = 1
I am at UpdateGrah in EnvironmentGraph 1
Now UpDateGrabbedEdge...
 I out graph json   frame Num = 46
 characters in UpdateGrapEdges = 1
I am at UpdateGrah in EnvironmentGraph 1
Now UpDateGrabbedEdge...
 I out graph json   frame Num = 47
 characters in UpdateGrapEdges = 1
I am at UpdateGrah in EnvironmentGraph 1
Now UpDateGrabbedEdge...
 I out graph json   frame Num = 48
 characters in UpdateGrapEdges = 1
I am at UpdateGrah in EnvironmentGraph 1
Now UpDateGrabbedEdge...
 I out graph json   frame Num = 49
 characters in UpdateGrapEdges = 1
I am at UpdateGrah in EnvironmentGraph 1
Now UpDateGrabbedEdge...
 I out graph json   frame Num = 50
 characters in UpdateGrapEdges = 1
I am at UpdateGrah in EnvironmentGraph 1
Now UpDateGrabbedEdge...
 I out graph json   frame Num = 51
 characters in UpdateGrapEdges = 1
I am at UpdateGrah in EnvironmentGraph 1
Now UpDateGrabbedEdge...
 I out graph json   frame Num = 52
 characters in UpdateGrapEdges = 1
I am at UpdateGrah in EnvironmentGraph 1
Now UpDateGrabbedEdge...
 I out graph json   frame Num = 53
 characters in UpdateGrapEdges = 1
I am at UpdateGrah in EnvironmentGraph 1
Now UpDateGrabbedEdge...
 I out graph json   frame Num = 54
 characters in UpdateGrapEdges = 1
I am at UpdateGrah in EnvironmentGraph 1
Now UpDateGrabbedEdge...
 I out graph json   frame Num = 55
 characters in UpdateGrapEdges = 1
I am at UpdateGrah in EnvironmentGraph 1
Now UpDateGrabbedEdge...
 I out graph json   frame Num = 56
 characters in UpdateGrapEdges = 1
I am at UpdateGrah in EnvironmentGraph 1
Now UpDateGrabbedEdge...
 I out graph json   frame Num = 57
 characters in UpdateGrapEdges = 1
I am at UpdateGrah in EnvironmentGraph 1
Now UpDateGrabbedEdge...
 I out graph json   frame Num = 58
 characters in UpdateGrapEdges = 1
I am at UpdateGrah in EnvironmentGraph 1
Now UpDateGrabbedEdge...
 I out graph json   frame Num = 59
 characters in UpdateGrapEdges = 1
I am at UpdateGrah in EnvironmentGraph 1
Now UpDateGrabbedEdge...
 I out graph json   frame Num = 60
 characters in UpdateGrapEdges = 1
I am at UpdateGrah in EnvironmentGraph 1
Now UpDateGrabbedEdge...
 I out graph json   frame Num = 61
 characters in UpdateGrapEdges = 1
I am at UpdateGrah in EnvironmentGraph 1
Now UpDateGrabbedEdge...
 I out graph json   frame Num = 62
 characters in UpdateGrapEdges = 1
I am at UpdateGrah in EnvironmentGraph 1
Now UpDateGrabbedEdge...
 I out graph json   frame Num = 63
 characters in UpdateGrapEdges = 1
I am at UpdateGrah in EnvironmentGraph 1
Now UpDateGrabbedEdge...
 I out graph json   frame Num = 64
 characters in UpdateGrapEdges = 1
I am at UpdateGrah in EnvironmentGraph 1
Now UpDateGrabbedEdge...
 I out graph json   frame Num = 65
 characters in UpdateGrapEdges = 1
I am at UpdateGrah in EnvironmentGraph 1
Now UpDateGrabbedEdge...
 I out graph json   frame Num = 66
 characters in UpdateGrapEdges = 1
I am at UpdateGrah in EnvironmentGraph 1
Now UpDateGrabbedEdge...
 I out graph json   frame Num = 67
 characters in UpdateGrapEdges = 1
I am at UpdateGrah in EnvironmentGraph 1
Now UpDateGrabbedEdge...
 I out graph json   frame Num = 68
 characters in UpdateGrapEdges = 1
I am at UpdateGrah in EnvironmentGraph 1
Now UpDateGrabbedEdge...
 I out graph json   frame Num = 69
 characters in UpdateGrapEdges = 1
I am at UpdateGrah in EnvironmentGraph 1
Now UpDateGrabbedEdge...
 I out graph json   frame Num = 70
 characters in UpdateGrapEdges = 1
I am at UpdateGrah in EnvironmentGraph 1
Now UpDateGrabbedEdge...
 I out graph json   frame Num = 71
 characters in UpdateGrapEdges = 1
I am at UpdateGrah in EnvironmentGraph 1
Now UpDateGrabbedEdge...
 I out graph json   frame Num = 72
 characters in UpdateGrapEdges = 1
I am at UpdateGrah in EnvironmentGraph 1
Now UpDateGrabbedEdge...
 I out graph json   frame Num = 73
I found sofa   ID = 375   Pref Name = PRE_FUR_Sofa_01_02_02
currentFrame 74  scriptLine 0  action WALK  frameStart 0  frameEnd 40
currentFrame 74  scriptLine 1  action TURNTO  frameStart 41  frameEnd 41
currentFrame 74  scriptLine 2  action SIT  frameStart 42  frameEnd 74
currentFrame 74  scriptLine 3  action WATCH  frameStart 75  frameEnd 0
 Count Coffee table 2  at Set
 characters in UpdateGrapEdges = 1
I am at UpdateGrah in EnvironmentGraph 1
Now UpDateGrabbedEdge...
 I out graph json   frame Num = 74
 characters in UpdateGrapEdges = 1
I am at UpdateGrah in EnvironmentGraph 1
Now UpDateGrabbedEdge...
 I out graph json   frame Num = 75
 characters in UpdateGrapEdges = 1
I am at UpdateGrah in EnvironmentGraph 1
Now UpDateGrabbedEdge...
 I out graph json   frame Num = 76
 characters in UpdateGrapEdges = 1
I am at UpdateGrah in EnvironmentGraph 1
Now UpDateGrabbedEdge...
 I out graph json   frame Num = 77
 characters in UpdateGrapEdges = 1
I am at UpdateGrah in EnvironmentGraph 1
Now UpDateGrabbedEdge...
 I out graph json   frame Num = 78
 characters in UpdateGrapEdges = 1
I am at UpdateGrah in EnvironmentGraph 1
Now UpDateGrabbedEdge...
 I out graph json   frame Num = 79
 characters in UpdateGrapEdges = 1
I am at UpdateGrah in EnvironmentGraph 1
Now UpDateGrabbedEdge...
 I out graph json   frame Num = 80
 characters in UpdateGrapEdges = 1
I am at UpdateGrah in EnvironmentGraph 1
Now UpDateGrabbedEdge...
 I out graph json   frame Num = 81
 characters in UpdateGrapEdges = 1
I am at UpdateGrah in EnvironmentGraph 1
Now UpDateGrabbedEdge...
 I out graph json   frame Num = 82
 characters in UpdateGrapEdges = 1
I am at UpdateGrah in EnvironmentGraph 1
Now UpDateGrabbedEdge...
 I out graph json   frame Num = 83
 characters in UpdateGrapEdges = 1
I am at UpdateGrah in EnvironmentGraph 1
Now UpDateGrabbedEdge...
 I out graph json   frame Num = 84
 characters in UpdateGrapEdges = 1
I am at UpdateGrah in EnvironmentGraph 1
Now UpDateGrabbedEdge...
 I out graph json   frame Num = 85
 characters in UpdateGrapEdges = 1
I am at UpdateGrah in EnvironmentGraph 1
Now UpDateGrabbedEdge...
 I out graph json   frame Num = 86
 characters in UpdateGrapEdges = 1
I am at UpdateGrah in EnvironmentGraph 1
Now UpDateGrabbedEdge...
 I out graph json   frame Num = 87
 characters in UpdateGrapEdges = 1
I am at UpdateGrah in EnvironmentGraph 1
Now UpDateGrabbedEdge...
 I out graph json   frame Num = 88
 characters in UpdateGrapEdges = 1
I am at UpdateGrah in EnvironmentGraph 1
Now UpDateGrabbedEdge...
 I out graph json   frame Num = 89
 characters in UpdateGrapEdges = 1
I am at UpdateGrah in EnvironmentGraph 1
Now UpDateGrabbedEdge...
 I out graph json   frame Num = 90
 characters in UpdateGrapEdges = 1
I am at UpdateGrah in EnvironmentGraph 1
Now UpDateGrabbedEdge...
 I out graph json   frame Num = 91
 characters in UpdateGrapEdges = 1
I am at UpdateGrah in EnvironmentGraph 1
Now UpDateGrabbedEdge...
 I out graph json   frame Num = 92
 characters in UpdateGrapEdges = 1
I am at UpdateGrah in EnvironmentGraph 1
Now UpDateGrabbedEdge...
 I out graph json   frame Num = 93
currentFrame 94  scriptLine 0  action WALK  frameStart 0  frameEnd 40
currentFrame 94  scriptLine 1  action TURNTO  frameStart 41  frameEnd 41
currentFrame 94  scriptLine 2  action SIT  frameStart 42  frameEnd 74
currentFrame 94  scriptLine 3  action WATCH  frameStart 75  frameEnd 94
currentFrame 94  scriptLine 4  action STANDUP  frameStart 95  frameEnd 0
 Count Coffee table 2  at Set
 characters in UpdateGrapEdges = 1
I am at UpdateGrah in EnvironmentGraph 1
Now UpDateGrabbedEdge...
 I out graph json   frame Num = 94
 characters in UpdateGrapEdges = 1
I am at UpdateGrah in EnvironmentGraph 1
Now UpDateGrabbedEdge...
 I out graph json   frame Num = 95
 characters in UpdateGrapEdges = 1
I am at UpdateGrah in EnvironmentGraph 1
Now UpDateGrabbedEdge...
 I out graph json   frame Num = 96
 characters in UpdateGrapEdges = 1
I am at UpdateGrah in EnvironmentGraph 1
Now UpDateGrabbedEdge...
 I out graph json   frame Num = 97
 characters in UpdateGrapEdges = 1
I am at UpdateGrah in EnvironmentGraph 1
Now UpDateGrabbedEdge...
 I out graph json   frame Num = 98
 characters in UpdateGrapEdges = 1
I am at UpdateGrah in EnvironmentGraph 1
Now UpDateGrabbedEdge...
 I out graph json   frame Num = 99
 characters in UpdateGrapEdges = 1
I am at UpdateGrah in EnvironmentGraph 1
Now UpDateGrabbedEdge...
 I out graph json   frame Num = 100
 characters in UpdateGrapEdges = 1
I am at UpdateGrah in EnvironmentGraph 1
Now UpDateGrabbedEdge...
 I out graph json   frame Num = 101
 characters in UpdateGrapEdges = 1
I am at UpdateGrah in EnvironmentGraph 1
Now UpDateGrabbedEdge...
 I out graph json   frame Num = 102
 characters in UpdateGrapEdges = 1
I am at UpdateGrah in EnvironmentGraph 1
Now UpDateGrabbedEdge...
 I out graph json   frame Num = 103
 characters in UpdateGrapEdges = 1
I am at UpdateGrah in EnvironmentGraph 1
Now UpDateGrabbedEdge...
 I out graph json   frame Num = 104
 characters in UpdateGrapEdges = 1
I am at UpdateGrah in EnvironmentGraph 1
Now UpDateGrabbedEdge...
 I out graph json   frame Num = 105
 characters in UpdateGrapEdges = 1
I am at UpdateGrah in EnvironmentGraph 1
Now UpDateGrabbedEdge...
 I out graph json   frame Num = 106
 characters in UpdateGrapEdges = 1
I am at UpdateGrah in EnvironmentGraph 1
Now UpDateGrabbedEdge...
 I out graph json   frame Num = 107
 characters in UpdateGrapEdges = 1
I am at UpdateGrah in EnvironmentGraph 1
Now UpDateGrabbedEdge...
 I out graph json   frame Num = 108
 characters in UpdateGrapEdges = 1
I am at UpdateGrah in EnvironmentGraph 1
Now UpDateGrabbedEdge...
 I out graph json   frame Num = 109
 characters in UpdateGrapEdges = 1
I am at UpdateGrah in EnvironmentGraph 1
Now UpDateGrabbedEdge...
 I out graph json   frame Num = 110
 characters in UpdateGrapEdges = 1
I am at UpdateGrah in EnvironmentGraph 1
Now UpDateGrabbedEdge...
 I out graph json   frame Num = 111
 characters in UpdateGrapEdges = 1
I am at UpdateGrah in EnvironmentGraph 1
Now UpDateGrabbedEdge...
 I out graph json   frame Num = 112
 characters in UpdateGrapEdges = 1
I am at UpdateGrah in EnvironmentGraph 1
Now UpDateGrabbedEdge...
 I out graph json   frame Num = 113
 characters in UpdateGrapEdges = 1
I am at UpdateGrah in EnvironmentGraph 1
Now UpDateGrabbedEdge...
 I out graph json   frame Num = 114
 characters in UpdateGrapEdges = 1
I am at UpdateGrah in EnvironmentGraph 1
Now UpDateGrabbedEdge...
 I out graph json   frame Num = 115
 characters in UpdateGrapEdges = 1
I am at UpdateGrah in EnvironmentGraph 1
Now UpDateGrabbedEdge...
 I out graph json   frame Num = 116
 characters in UpdateGrapEdges = 1
I am at UpdateGrah in EnvironmentGraph 1
Now UpDateGrabbedEdge...
 I out graph json   frame Num = 117
 characters in UpdateGrapEdges = 1
I am at UpdateGrah in EnvironmentGraph 1
Now UpDateGrabbedEdge...
 I out graph json   frame Num = 118
 characters in UpdateGrapEdges = 1
I am at UpdateGrah in EnvironmentGraph 1
Now UpDateGrabbedEdge...
 I out graph json   frame Num = 119
 characters in UpdateGrapEdges = 1
I am at UpdateGrah in EnvironmentGraph 1
Now UpDateGrabbedEdge...
 I out graph json   frame Num = 120
 characters in UpdateGrapEdges = 1
I am at UpdateGrah in EnvironmentGraph 1
Now UpDateGrabbedEdge...
 I out graph json   frame Num = 121
 characters in UpdateGrapEdges = 1
I am at UpdateGrah in EnvironmentGraph 1
Now UpDateGrabbedEdge...
 I out graph json   frame Num = 122
 characters in UpdateGrapEdges = 1
I am at UpdateGrah in EnvironmentGraph 1
Now UpDateGrabbedEdge...
 I out graph json   frame Num = 123
 characters in UpdateGrapEdges = 1
I am at UpdateGrah in EnvironmentGraph 1
Now UpDateGrabbedEdge...
 I out graph json   frame Num = 124
 characters in UpdateGrapEdges = 1
I am at UpdateGrah in EnvironmentGraph 1
Now UpDateGrabbedEdge...
 I out graph json   frame Num = 125
 characters in UpdateGrapEdges = 1
I am at UpdateGrah in EnvironmentGraph 1
Now UpDateGrabbedEdge...
 I out graph json   frame Num = 126
 characters in UpdateGrapEdges = 1
I am at UpdateGrah in EnvironmentGraph 1
Now UpDateGrabbedEdge...
 I out graph json   frame Num = 127
 characters in UpdateGrapEdges = 1
I am at UpdateGrah in EnvironmentGraph 1
Now UpDateGrabbedEdge...
 I out graph json   frame Num = 128
 characters in UpdateGrapEdges = 1
I am at UpdateGrah in EnvironmentGraph 1
Now UpDateGrabbedEdge...
 I out graph json   frame Num = 129
 characters in UpdateGrapEdges = 1
I am at UpdateGrah in EnvironmentGraph 1
Now UpDateGrabbedEdge...
 I out graph json   frame Num = 130
 characters in UpdateGrapEdges = 1
I am at UpdateGrah in EnvironmentGraph 1
Now UpDateGrabbedEdge...
 I out graph json   frame Num = 131
 characters in UpdateGrapEdges = 1
I am at UpdateGrah in EnvironmentGraph 1
Now UpDateGrabbedEdge...
 I out graph json   frame Num = 132
 characters in UpdateGrapEdges = 1
I am at UpdateGrah in EnvironmentGraph 1
Now UpDateGrabbedEdge...
 I out graph json   frame Num = 133
 characters in UpdateGrapEdges = 1
I am at UpdateGrah in EnvironmentGraph 1
Now UpDateGrabbedEdge...
 I out graph json   frame Num = 134
 characters in UpdateGrapEdges = 1
I am at UpdateGrah in EnvironmentGraph 1
Now UpDateGrabbedEdge...
 I out graph json   frame Num = 135
 characters in UpdateGrapEdges = 1
I am at UpdateGrah in EnvironmentGraph 1
Now UpDateGrabbedEdge...
 I out graph json   frame Num = 136
 characters in UpdateGrapEdges = 1
I am at UpdateGrah in EnvironmentGraph 1
Now UpDateGrabbedEdge...
 I out graph json   frame Num = 137
 characters in UpdateGrapEdges = 1
I am at UpdateGrah in EnvironmentGraph 1
Now UpDateGrabbedEdge...
 I out graph json   frame Num = 138
 characters in UpdateGrapEdges = 1
I am at UpdateGrah in EnvironmentGraph 1
Now UpDateGrabbedEdge...
 I out graph json   frame Num = 139
 characters in UpdateGrapEdges = 1
I am at UpdateGrah in EnvironmentGraph 1
Now UpDateGrabbedEdge...
 I out graph json   frame Num = 140
 characters in UpdateGrapEdges = 1
I am at UpdateGrah in EnvironmentGraph 1
Now UpDateGrabbedEdge...
 I out graph json   frame Num = 141
 characters in UpdateGrapEdges = 1
I am at UpdateGrah in EnvironmentGraph 1
Now UpDateGrabbedEdge...
 I out graph json   frame Num = 142
 characters in UpdateGrapEdges = 1
I am at UpdateGrah in EnvironmentGraph 1
Now UpDateGrabbedEdge...
 I out graph json   frame Num = 143
 characters in UpdateGrapEdges = 1
I am at UpdateGrah in EnvironmentGraph 1
Now UpDateGrabbedEdge...
 I out graph json   frame Num = 144
 characters in UpdateGrapEdges = 1
I am at UpdateGrah in EnvironmentGraph 1
Now UpDateGrabbedEdge...
 I out graph json   frame Num = 145
 characters in UpdateGrapEdges = 1
I am at UpdateGrah in EnvironmentGraph 1
Now UpDateGrabbedEdge...
 I out graph json   frame Num = 146
 characters in UpdateGrapEdges = 1
I am at UpdateGrah in EnvironmentGraph 1
Now UpDateGrabbedEdge...
 I out graph json   frame Num = 147
 characters in UpdateGrapEdges = 1
I am at UpdateGrah in EnvironmentGraph 1
Now UpDateGrabbedEdge...
 I out graph json   frame Num = 148
 characters in UpdateGrapEdges = 1
I am at UpdateGrah in EnvironmentGraph 1
Now UpDateGrabbedEdge...
 I out graph json   frame Num = 149
 characters in UpdateGrapEdges = 1
I am at UpdateGrah in EnvironmentGraph 1
Now UpDateGrabbedEdge...
 I out graph json   frame Num = 150
 characters in UpdateGrapEdges = 1
I am at UpdateGrah in EnvironmentGraph 1
Now UpDateGrabbedEdge...
 I out graph json   frame Num = 151
 characters in UpdateGrapEdges = 1
I am at UpdateGrah in EnvironmentGraph 1
Now UpDateGrabbedEdge...
 I out graph json   frame Num = 152
 characters in UpdateGrapEdges = 1
I am at UpdateGrah in EnvironmentGraph 1
Now UpDateGrabbedEdge...
 I out graph json   frame Num = 153
 characters in UpdateGrapEdges = 1
I am at UpdateGrah in EnvironmentGraph 1
Now UpDateGrabbedEdge...
 I out graph json   frame Num = 154
 characters in UpdateGrapEdges = 1
I am at UpdateGrah in EnvironmentGraph 1
Now UpDateGrabbedEdge...
 I out graph json   frame Num = 155
 characters in UpdateGrapEdges = 1
I am at UpdateGrah in EnvironmentGraph 1
Now UpDateGrabbedEdge...
 I out graph json   frame Num = 156
 characters in UpdateGrapEdges = 1
I am at UpdateGrah in EnvironmentGraph 1
Now UpDateGrabbedEdge...
 I out graph json   frame Num = 157
 characters in UpdateGrapEdges = 1
I am at UpdateGrah in EnvironmentGraph 1
Now UpDateGrabbedEdge...
 I out graph json   frame Num = 158
 characters in UpdateGrapEdges = 1
I am at UpdateGrah in EnvironmentGraph 1
Now UpDateGrabbedEdge...
 I out graph json   frame Num = 159
 characters in UpdateGrapEdges = 1
I am at UpdateGrah in EnvironmentGraph 1
Now UpDateGrabbedEdge...
 I out graph json   frame Num = 160
 characters in UpdateGrapEdges = 1
I am at UpdateGrah in EnvironmentGraph 1
Now UpDateGrabbedEdge...
 I out graph json   frame Num = 161
 characters in UpdateGrapEdges = 1
I am at UpdateGrah in EnvironmentGraph 1
Now UpDateGrabbedEdge...
 I out graph json   frame Num = 162
 characters in UpdateGrapEdges = 1
I am at UpdateGrah in EnvironmentGraph 1
Now UpDateGrabbedEdge...
 I out graph json   frame Num = 163
 characters in UpdateGrapEdges = 1
I am at UpdateGrah in EnvironmentGraph 1
Now UpDateGrabbedEdge...
 I out graph json   frame Num = 164
 characters in UpdateGrapEdges = 1
I am at UpdateGrah in EnvironmentGraph 1
Now UpDateGrabbedEdge...
 I out graph json   frame Num = 165
 characters in UpdateGrapEdges = 1
I am at UpdateGrah in EnvironmentGraph 1
Now UpDateGrabbedEdge...
 I out graph json   frame Num = 166
 characters in UpdateGrapEdges = 1
I am at UpdateGrah in EnvironmentGraph 1
Now UpDateGrabbedEdge...
 I out graph json   frame Num = 167
 characters in UpdateGrapEdges = 1
I am at UpdateGrah in EnvironmentGraph 1
Now UpDateGrabbedEdge...
 I out graph json   frame Num = 168
 characters in UpdateGrapEdges = 1
I am at UpdateGrah in EnvironmentGraph 1
Now UpDateGrabbedEdge...
 I out graph json   frame Num = 169
 characters in UpdateGrapEdges = 1
I am at UpdateGrah in EnvironmentGraph 1
Now UpDateGrabbedEdge...
 I out graph json   frame Num = 170
 characters in UpdateGrapEdges = 1
I am at UpdateGrah in EnvironmentGraph 1
Now UpDateGrabbedEdge...
 I out graph json   frame Num = 171
 characters in UpdateGrapEdges = 1
I am at UpdateGrah in EnvironmentGraph 1
Now UpDateGrabbedEdge...
 I out graph json   frame Num = 172
 characters in UpdateGrapEdges = 1
I am at UpdateGrah in EnvironmentGraph 1
Now UpDateGrabbedEdge...
 I out graph json   frame Num = 173
 characters in UpdateGrapEdges = 1
I am at UpdateGrah in EnvironmentGraph 1
Now UpDateGrabbedEdge...
 I out graph json   frame Num = 174
 characters in UpdateGrapEdges = 1
I am at UpdateGrah in EnvironmentGraph 1
Now UpDateGrabbedEdge...
 I out graph json   frame Num = 175
 characters in UpdateGrapEdges = 1
I am at UpdateGrah in EnvironmentGraph 1
Now UpDateGrabbedEdge...
 I out graph json   frame Num = 176
 characters in UpdateGrapEdges = 1
I am at UpdateGrah in EnvironmentGraph 1
Now UpDateGrabbedEdge...
 I out graph json   frame Num = 177
 characters in UpdateGrapEdges = 1
I am at UpdateGrah in EnvironmentGraph 1
Now UpDateGrabbedEdge...
 I out graph json   frame Num = 178
 characters in UpdateGrapEdges = 1
I am at UpdateGrah in EnvironmentGraph 1
Now UpDateGrabbedEdge...
 I out graph json   frame Num = 179
 characters in UpdateGrapEdges = 1
I am at UpdateGrah in EnvironmentGraph 1
Now UpDateGrabbedEdge...
 I out graph json   frame Num = 180
 characters in UpdateGrapEdges = 1
I am at UpdateGrah in EnvironmentGraph 1
Now UpDateGrabbedEdge...
 I out graph json   frame Num = 181
 characters in UpdateGrapEdges = 1
I am at UpdateGrah in EnvironmentGraph 1
Now UpDateGrabbedEdge...
 I out graph json   frame Num = 182
 characters in UpdateGrapEdges = 1
I am at UpdateGrah in EnvironmentGraph 1
Now UpDateGrabbedEdge...
 I out graph json   frame Num = 183
 characters in UpdateGrapEdges = 1
I am at UpdateGrah in EnvironmentGraph 1
Now UpDateGrabbedEdge...
 I out graph json   frame Num = 184
 characters in UpdateGrapEdges = 1
I am at UpdateGrah in EnvironmentGraph 1
Now UpDateGrabbedEdge...
 I out graph json   frame Num = 185
 characters in UpdateGrapEdges = 1
I am at UpdateGrah in EnvironmentGraph 1
Now UpDateGrabbedEdge...
 I out graph json   frame Num = 186
 characters in UpdateGrapEdges = 1
I am at UpdateGrah in EnvironmentGraph 1
Now UpDateGrabbedEdge...
 I out graph json   frame Num = 187
 characters in UpdateGrapEdges = 1
I am at UpdateGrah in EnvironmentGraph 1
Now UpDateGrabbedEdge...
 I out graph json   frame Num = 188
 characters in UpdateGrapEdges = 1
I am at UpdateGrah in EnvironmentGraph 1
Now UpDateGrabbedEdge...
 I out graph json   frame Num = 189
 characters in UpdateGrapEdges = 1
I am at UpdateGrah in EnvironmentGraph 1
Now UpDateGrabbedEdge...
 I out graph json   frame Num = 190
 characters in UpdateGrapEdges = 1
I am at UpdateGrah in EnvironmentGraph 1
Now UpDateGrabbedEdge...
 I out graph json   frame Num = 191
 characters in UpdateGrapEdges = 1
I am at UpdateGrah in EnvironmentGraph 1
Now UpDateGrabbedEdge...
 I out graph json   frame Num = 192
 characters in UpdateGrapEdges = 1
I am at UpdateGrah in EnvironmentGraph 1
Now UpDateGrabbedEdge...
 I out graph json   frame Num = 193
 characters in UpdateGrapEdges = 1
I am at UpdateGrah in EnvironmentGraph 1
Now UpDateGrabbedEdge...
 I out graph json   frame Num = 194
 characters in UpdateGrapEdges = 1
I am at UpdateGrah in EnvironmentGraph 1
Now UpDateGrabbedEdge...
 I out graph json   frame Num = 195
 characters in UpdateGrapEdges = 1
I am at UpdateGrah in EnvironmentGraph 1
Now UpDateGrabbedEdge...
 I out graph json   frame Num = 196
 characters in UpdateGrapEdges = 1
I am at UpdateGrah in EnvironmentGraph 1
Now UpDateGrabbedEdge...
 I out graph json   frame Num = 197
 characters in UpdateGrapEdges = 1
I am at UpdateGrah in EnvironmentGraph 1
Now UpDateGrabbedEdge...
 I out graph json   frame Num = 198
 characters in UpdateGrapEdges = 1
I am at UpdateGrah in EnvironmentGraph 1
Now UpDateGrabbedEdge...
 I out graph json   frame Num = 199
 characters in UpdateGrapEdges = 1
I am at UpdateGrah in EnvironmentGraph 1
Now UpDateGrabbedEdge...
 I out graph json   frame Num = 200
 characters in UpdateGrapEdges = 1
I am at UpdateGrah in EnvironmentGraph 1
Now UpDateGrabbedEdge...
 I out graph json   frame Num = 201
 characters in UpdateGrapEdges = 1
I am at UpdateGrah in EnvironmentGraph 1
Now UpDateGrabbedEdge...
 I out graph json   frame Num = 202
 characters in UpdateGrapEdges = 1
I am at UpdateGrah in EnvironmentGraph 1
Now UpDateGrabbedEdge...
 I out graph json   frame Num = 203
 characters in UpdateGrapEdges = 1
I am at UpdateGrah in EnvironmentGraph 1
Now UpDateGrabbedEdge...
 I out graph json   frame Num = 204
 characters in UpdateGrapEdges = 1
I am at UpdateGrah in EnvironmentGraph 1
Now UpDateGrabbedEdge...
 I out graph json   frame Num = 205
 characters in UpdateGrapEdges = 1
I am at UpdateGrah in EnvironmentGraph 1
Now UpDateGrabbedEdge...
 I out graph json   frame Num = 206
 characters in UpdateGrapEdges = 1
I am at UpdateGrah in EnvironmentGraph 1
Now UpDateGrabbedEdge...
 I out graph json   frame Num = 207
 characters in UpdateGrapEdges = 1
I am at UpdateGrah in EnvironmentGraph 1
Now UpDateGrabbedEdge...
 I out graph json   frame Num = 208
 characters in UpdateGrapEdges = 1
I am at UpdateGrah in EnvironmentGraph 1
Now UpDateGrabbedEdge...
 I out graph json   frame Num = 209
 characters in UpdateGrapEdges = 1
I am at UpdateGrah in EnvironmentGraph 1
Now UpDateGrabbedEdge...
 I out graph json   frame Num = 210
 characters in UpdateGrapEdges = 1
I am at UpdateGrah in EnvironmentGraph 1
Now UpDateGrabbedEdge...
 I out graph json   frame Num = 211
 characters in UpdateGrapEdges = 1
I am at UpdateGrah in EnvironmentGraph 1
Now UpDateGrabbedEdge...
 I out graph json   frame Num = 212
 characters in UpdateGrapEdges = 1
I am at UpdateGrah in EnvironmentGraph 1
Now UpDateGrabbedEdge...
 I out graph json   frame Num = 213
 characters in UpdateGrapEdges = 1
I am at UpdateGrah in EnvironmentGraph 1
Now UpDateGrabbedEdge...
 I out graph json   frame Num = 214
 characters in UpdateGrapEdges = 1
I am at UpdateGrah in EnvironmentGraph 1
Now UpDateGrabbedEdge...
 I out graph json   frame Num = 215
 characters in UpdateGrapEdges = 1
I am at UpdateGrah in EnvironmentGraph 1
Now UpDateGrabbedEdge...
 I out graph json   frame Num = 216
 characters in UpdateGrapEdges = 1
I am at UpdateGrah in EnvironmentGraph 1
Now UpDateGrabbedEdge...
 I out graph json   frame Num = 217
 characters in UpdateGrapEdges = 1
I am at UpdateGrah in EnvironmentGraph 1
Now UpDateGrabbedEdge...
 I out graph json   frame Num = 218
 characters in UpdateGrapEdges = 1
I am at UpdateGrah in EnvironmentGraph 1
Now UpDateGrabbedEdge...
 I out graph json   frame Num = 219
 characters in UpdateGrapEdges = 1
I am at UpdateGrah in EnvironmentGraph 1
Now UpDateGrabbedEdge...
 I out graph json   frame Num = 220
 characters in UpdateGrapEdges = 1
I am at UpdateGrah in EnvironmentGraph 1
Now UpDateGrabbedEdge...
 I out graph json   frame Num = 221
 characters in UpdateGrapEdges = 1
I am at UpdateGrah in EnvironmentGraph 1
Now UpDateGrabbedEdge...
 I out graph json   frame Num = 222
 characters in UpdateGrapEdges = 1
I am at UpdateGrah in EnvironmentGraph 1
Now UpDateGrabbedEdge...
 I out graph json   frame Num = 223
 characters in UpdateGrapEdges = 1
I am at UpdateGrah in EnvironmentGraph 1
Now UpDateGrabbedEdge...
 I out graph json   frame Num = 224
 characters in UpdateGrapEdges = 1
I am at UpdateGrah in EnvironmentGraph 1
Now UpDateGrabbedEdge...
 I out graph json   frame Num = 225
 characters in UpdateGrapEdges = 1
I am at UpdateGrah in EnvironmentGraph 1
Now UpDateGrabbedEdge...
 I out graph json   frame Num = 226
 characters in UpdateGrapEdges = 1
I am at UpdateGrah in EnvironmentGraph 1
Now UpDateGrabbedEdge...
 I out graph json   frame Num = 227
 characters in UpdateGrapEdges = 1
I am at UpdateGrah in EnvironmentGraph 1
Now UpDateGrabbedEdge...
 I out graph json   frame Num = 228
 characters in UpdateGrapEdges = 1
I am at UpdateGrah in EnvironmentGraph 1
Now UpDateGrabbedEdge...
 I out graph json   frame Num = 229
 characters in UpdateGrapEdges = 1
I am at UpdateGrah in EnvironmentGraph 1
Now UpDateGrabbedEdge...
 I out graph json   frame Num = 230
 characters in UpdateGrapEdges = 1
I am at UpdateGrah in EnvironmentGraph 1
Now UpDateGrabbedEdge...
 I out graph json   frame Num = 231
 characters in UpdateGrapEdges = 1
I am at UpdateGrah in EnvironmentGraph 1
Now UpDateGrabbedEdge...
 I out graph json   frame Num = 232
 characters in UpdateGrapEdges = 1
I am at UpdateGrah in EnvironmentGraph 1
Now UpDateGrabbedEdge...
 I out graph json   frame Num = 233
 characters in UpdateGrapEdges = 1
I am at UpdateGrah in EnvironmentGraph 1
Now UpDateGrabbedEdge...
 I out graph json   frame Num = 234
 characters in UpdateGrapEdges = 1
I am at UpdateGrah in EnvironmentGraph 1
Now UpDateGrabbedEdge...
 I out graph json   frame Num = 235
 characters in UpdateGrapEdges = 1
I am at UpdateGrah in EnvironmentGraph 1
Now UpDateGrabbedEdge...
 I out graph json   frame Num = 236
 characters in UpdateGrapEdges = 1
I am at UpdateGrah in EnvironmentGraph 1
Now UpDateGrabbedEdge...
 I out graph json   frame Num = 237
 characters in UpdateGrapEdges = 1
I am at UpdateGrah in EnvironmentGraph 1
Now UpDateGrabbedEdge...
 I out graph json   frame Num = 238
 characters in UpdateGrapEdges = 1
I am at UpdateGrah in EnvironmentGraph 1
Now UpDateGrabbedEdge...
 I out graph json   frame Num = 239
 characters in UpdateGrapEdges = 1
I am at UpdateGrah in EnvironmentGraph 1
Now UpDateGrabbedEdge...
 I out graph json   frame Num = 240
 characters in UpdateGrapEdges = 1
I am at UpdateGrah in EnvironmentGraph 1
Now UpDateGrabbedEdge...
 I out graph json   frame Num = 241
 characters in UpdateGrapEdges = 1
I am at UpdateGrah in EnvironmentGraph 1
Now UpDateGrabbedEdge...
 I out graph json   frame Num = 242
 characters in UpdateGrapEdges = 1
I am at UpdateGrah in EnvironmentGraph 1
Now UpDateGrabbedEdge...
 I out graph json   frame Num = 243
 characters in UpdateGrapEdges = 1
I am at UpdateGrah in EnvironmentGraph 1
Now UpDateGrabbedEdge...
 I out graph json   frame Num = 244
 characters in UpdateGrapEdges = 1
I am at UpdateGrah in EnvironmentGraph 1
Now UpDateGrabbedEdge...
 I out graph json   frame Num = 245
 characters in UpdateGrapEdges = 1
I am at UpdateGrah in EnvironmentGraph 1
Now UpDateGrabbedEdge...
 I out graph json   frame Num = 246
 characters in UpdateGrapEdges = 1
I am at UpdateGrah in EnvironmentGraph 1
Now UpDateGrabbedEdge...
 I out graph json   frame Num = 247
 characters in UpdateGrapEdges = 1
I am at UpdateGrah in EnvironmentGraph 1
Now UpDateGrabbedEdge...
 I out graph json   frame Num = 248
 characters in UpdateGrapEdges = 1
I am at UpdateGrah in EnvironmentGraph 1
Now UpDateGrabbedEdge...
 I out graph json   frame Num = 249
 characters in UpdateGrapEdges = 1
I am at UpdateGrah in EnvironmentGraph 1
Now UpDateGrabbedEdge...
 I out graph json   frame Num = 250
 characters in UpdateGrapEdges = 1
I am at UpdateGrah in EnvironmentGraph 1
Now UpDateGrabbedEdge...
 I out graph json   frame Num = 251
 characters in UpdateGrapEdges = 1
I am at UpdateGrah in EnvironmentGraph 1
Now UpDateGrabbedEdge...
 I out graph json   frame Num = 252
 characters in UpdateGrapEdges = 1
I am at UpdateGrah in EnvironmentGraph 1
Now UpDateGrabbedEdge...
 I out graph json   frame Num = 253
 characters in UpdateGrapEdges = 1
I am at UpdateGrah in EnvironmentGraph 1
Now UpDateGrabbedEdge...
 I out graph json   frame Num = 254
 characters in UpdateGrapEdges = 1
I am at UpdateGrah in EnvironmentGraph 1
Now UpDateGrabbedEdge...
 I out graph json   frame Num = 255
 characters in UpdateGrapEdges = 1
I am at UpdateGrah in EnvironmentGraph 1
Now UpDateGrabbedEdge...
 I out graph json   frame Num = 256
 characters in UpdateGrapEdges = 1
I am at UpdateGrah in EnvironmentGraph 1
Now UpDateGrabbedEdge...
 I out graph json   frame Num = 257
 characters in UpdateGrapEdges = 1
I am at UpdateGrah in EnvironmentGraph 1
Now UpDateGrabbedEdge...
 I out graph json   frame Num = 258
 characters in UpdateGrapEdges = 1
I am at UpdateGrah in EnvironmentGraph 1
Now UpDateGrabbedEdge...
 I out graph json   frame Num = 259
 characters in UpdateGrapEdges = 1
I am at UpdateGrah in EnvironmentGraph 1
Now UpDateGrabbedEdge...
 I out graph json   frame Num = 260
 characters in UpdateGrapEdges = 1
I am at UpdateGrah in EnvironmentGraph 1
Now UpDateGrabbedEdge...
 I out graph json   frame Num = 261
 characters in UpdateGrapEdges = 1
I am at UpdateGrah in EnvironmentGraph 1
Now UpDateGrabbedEdge...
 I out graph json   frame Num = 262
 characters in UpdateGrapEdges = 1
I am at UpdateGrah in EnvironmentGraph 1
Now UpDateGrabbedEdge...
 I out graph json   frame Num = 263
 characters in UpdateGrapEdges = 1
I am at UpdateGrah in EnvironmentGraph 1
Now UpDateGrabbedEdge...
 I out graph json   frame Num = 264
 characters in UpdateGrapEdges = 1
I am at UpdateGrah in EnvironmentGraph 1
Now UpDateGrabbedEdge...
 I out graph json   frame Num = 265
 characters in UpdateGrapEdges = 1
I am at UpdateGrah in EnvironmentGraph 1
Now UpDateGrabbedEdge...
 I out graph json   frame Num = 266
 characters in UpdateGrapEdges = 1
I am at UpdateGrah in EnvironmentGraph 1
Now UpDateGrabbedEdge...
 I out graph json   frame Num = 267
 characters in UpdateGrapEdges = 1
I am at UpdateGrah in EnvironmentGraph 1
Now UpDateGrabbedEdge...
 I out graph json   frame Num = 268
 characters in UpdateGrapEdges = 1
I am at UpdateGrah in EnvironmentGraph 1
Now UpDateGrabbedEdge...
 I out graph json   frame Num = 269
 characters in UpdateGrapEdges = 1
I am at UpdateGrah in EnvironmentGraph 1
Now UpDateGrabbedEdge...
 I out graph json   frame Num = 270
 characters in UpdateGrapEdges = 1
I am at UpdateGrah in EnvironmentGraph 1
Now UpDateGrabbedEdge...
 I out graph json   frame Num = 271
 characters in UpdateGrapEdges = 1
I am at UpdateGrah in EnvironmentGraph 1
Now UpDateGrabbedEdge...
 I out graph json   frame Num = 272
 characters in UpdateGrapEdges = 1
I am at UpdateGrah in EnvironmentGraph 1
Now UpDateGrabbedEdge...
 I out graph json   frame Num = 273
 characters in UpdateGrapEdges = 1
I am at UpdateGrah in EnvironmentGraph 1
Now UpDateGrabbedEdge...
 I out graph json   frame Num = 274
 characters in UpdateGrapEdges = 1
I am at UpdateGrah in EnvironmentGraph 1
Now UpDateGrabbedEdge...
 I out graph json   frame Num = 275
 characters in UpdateGrapEdges = 1
I am at UpdateGrah in EnvironmentGraph 1
Now UpDateGrabbedEdge...
 I out graph json   frame Num = 276
 characters in UpdateGrapEdges = 1
I am at UpdateGrah in EnvironmentGraph 1
Now UpDateGrabbedEdge...
 I out graph json   frame Num = 277
 characters in UpdateGrapEdges = 1
I am at UpdateGrah in EnvironmentGraph 1
Now UpDateGrabbedEdge...
 I out graph json   frame Num = 278
 characters in UpdateGrapEdges = 1
I am at UpdateGrah in EnvironmentGraph 1
Now UpDateGrabbedEdge...
 I out graph json   frame Num = 279
 characters in UpdateGrapEdges = 1
I am at UpdateGrah in EnvironmentGraph 1
Now UpDateGrabbedEdge...
 I out graph json   frame Num = 280
 characters in UpdateGrapEdges = 1
I am at UpdateGrah in EnvironmentGraph 1
Now UpDateGrabbedEdge...
 I out graph json   frame Num = 281
 characters in UpdateGrapEdges = 1
I am at UpdateGrah in EnvironmentGraph 1
Now UpDateGrabbedEdge...
 I out graph json   frame Num = 282
 characters in UpdateGrapEdges = 1
I am at UpdateGrah in EnvironmentGraph 1
Now UpDateGrabbedEdge...
 I out graph json   frame Num = 283
 characters in UpdateGrapEdges = 1
I am at UpdateGrah in EnvironmentGraph 1
Now UpDateGrabbedEdge...
 I out graph json   frame Num = 284
 characters in UpdateGrapEdges = 1
I am at UpdateGrah in EnvironmentGraph 1
Now UpDateGrabbedEdge...
 I out graph json   frame Num = 285
 characters in UpdateGrapEdges = 1
I am at UpdateGrah in EnvironmentGraph 1
Now UpDateGrabbedEdge...
 I out graph json   frame Num = 286
 characters in UpdateGrapEdges = 1
I am at UpdateGrah in EnvironmentGraph 1
Now UpDateGrabbedEdge...
 I out graph json   frame Num = 287
 characters in UpdateGrapEdges = 1
I am at UpdateGrah in EnvironmentGraph 1
Now UpDateGrabbedEdge...
 I out graph json   frame Num = 288
 characters in UpdateGrapEdges = 1
I am at UpdateGrah in EnvironmentGraph 1
Now UpDateGrabbedEdge...
 I out graph json   frame Num = 289
 characters in UpdateGrapEdges = 1
I am at UpdateGrah in EnvironmentGraph 1
Now UpDateGrabbedEdge...
 I out graph json   frame Num = 290
 characters in UpdateGrapEdges = 1
I am at UpdateGrah in EnvironmentGraph 1
Now UpDateGrabbedEdge...
 I out graph json   frame Num = 291
 characters in UpdateGrapEdges = 1
I am at UpdateGrah in EnvironmentGraph 1
Now UpDateGrabbedEdge...
 I out graph json   frame Num = 292
 characters in UpdateGrapEdges = 1
I am at UpdateGrah in EnvironmentGraph 1
Now UpDateGrabbedEdge...
 I out graph json   frame Num = 293
 characters in UpdateGrapEdges = 1
I am at UpdateGrah in EnvironmentGraph 1
Now UpDateGrabbedEdge...
 I out graph json   frame Num = 294
 characters in UpdateGrapEdges = 1
I am at UpdateGrah in EnvironmentGraph 1
Now UpDateGrabbedEdge...
 I out graph json   frame Num = 295
 characters in UpdateGrapEdges = 1
I am at UpdateGrah in EnvironmentGraph 1
Now UpDateGrabbedEdge...
 I out graph json   frame Num = 296
 characters in UpdateGrapEdges = 1
I am at UpdateGrah in EnvironmentGraph 1
Now UpDateGrabbedEdge...
 I out graph json   frame Num = 297
 characters in UpdateGrapEdges = 1
I am at UpdateGrah in EnvironmentGraph 1
Now UpDateGrabbedEdge...
 I out graph json   frame Num = 298
 characters in UpdateGrapEdges = 1
I am at UpdateGrah in EnvironmentGraph 1
Now UpDateGrabbedEdge...
 I out graph json   frame Num = 299
 characters in UpdateGrapEdges = 1
I am at UpdateGrah in EnvironmentGraph 1
Now UpDateGrabbedEdge...
 I out graph json   frame Num = 300
 characters in UpdateGrapEdges = 1
I am at UpdateGrah in EnvironmentGraph 1
Now UpDateGrabbedEdge...
 I out graph json   frame Num = 301
 characters in UpdateGrapEdges = 1
I am at UpdateGrah in EnvironmentGraph 1
Now UpDateGrabbedEdge...
 I out graph json   frame Num = 302
 characters in UpdateGrapEdges = 1
I am at UpdateGrah in EnvironmentGraph 1
Now UpDateGrabbedEdge...
 I out graph json   frame Num = 303
 characters in UpdateGrapEdges = 1
I am at UpdateGrah in EnvironmentGraph 1
Now UpDateGrabbedEdge...
 I out graph json   frame Num = 304
 characters in UpdateGrapEdges = 1
I am at UpdateGrah in EnvironmentGraph 1
Now UpDateGrabbedEdge...
 I out graph json   frame Num = 305
 characters in UpdateGrapEdges = 1
I am at UpdateGrah in EnvironmentGraph 1
Now UpDateGrabbedEdge...
 I out graph json   frame Num = 306
 characters in UpdateGrapEdges = 1
I am at UpdateGrah in EnvironmentGraph 1
Now UpDateGrabbedEdge...
 I out graph json   frame Num = 307
 characters in UpdateGrapEdges = 1
I am at UpdateGrah in EnvironmentGraph 1
Now UpDateGrabbedEdge...
 I out graph json   frame Num = 308
 characters in UpdateGrapEdges = 1
I am at UpdateGrah in EnvironmentGraph 1
Now UpDateGrabbedEdge...
 I out graph json   frame Num = 309
 characters in UpdateGrapEdges = 1
I am at UpdateGrah in EnvironmentGraph 1
Now UpDateGrabbedEdge...
 I out graph json   frame Num = 310
 characters in UpdateGrapEdges = 1
I am at UpdateGrah in EnvironmentGraph 1
Now UpDateGrabbedEdge...
 I out graph json   frame Num = 311
 characters in UpdateGrapEdges = 1
I am at UpdateGrah in EnvironmentGraph 1
Now UpDateGrabbedEdge...
 I out graph json   frame Num = 312
 characters in UpdateGrapEdges = 1
I am at UpdateGrah in EnvironmentGraph 1
Now UpDateGrabbedEdge...
 I out graph json   frame Num = 313
 characters in UpdateGrapEdges = 1
I am at UpdateGrah in EnvironmentGraph 1
Now UpDateGrabbedEdge...
 I out graph json   frame Num = 314
 characters in UpdateGrapEdges = 1
I am at UpdateGrah in EnvironmentGraph 1
Now UpDateGrabbedEdge...
 I out graph json   frame Num = 315
 characters in UpdateGrapEdges = 1
I am at UpdateGrah in EnvironmentGraph 1
Now UpDateGrabbedEdge...
 I out graph json   frame Num = 316
 characters in UpdateGrapEdges = 1
I am at UpdateGrah in EnvironmentGraph 1
Now UpDateGrabbedEdge...
 I out graph json   frame Num = 317
 characters in UpdateGrapEdges = 1
I am at UpdateGrah in EnvironmentGraph 1
Now UpDateGrabbedEdge...
 I out graph json   frame Num = 318
 characters in UpdateGrapEdges = 1
I am at UpdateGrah in EnvironmentGraph 1
Now UpDateGrabbedEdge...
 I out graph json   frame Num = 319
 characters in UpdateGrapEdges = 1
I am at UpdateGrah in EnvironmentGraph 1
Now UpDateGrabbedEdge...
 I out graph json   frame Num = 320
 characters in UpdateGrapEdges = 1
I am at UpdateGrah in EnvironmentGraph 1
Now UpDateGrabbedEdge...
 I out graph json   frame Num = 321
 characters in UpdateGrapEdges = 1
I am at UpdateGrah in EnvironmentGraph 1
Now UpDateGrabbedEdge...
 I out graph json   frame Num = 322
 characters in UpdateGrapEdges = 1
I am at UpdateGrah in EnvironmentGraph 1
Now UpDateGrabbedEdge...
 I out graph json   frame Num = 323
 characters in UpdateGrapEdges = 1
I am at UpdateGrah in EnvironmentGraph 1
Now UpDateGrabbedEdge...
 I out graph json   frame Num = 324
 characters in UpdateGrapEdges = 1
I am at UpdateGrah in EnvironmentGraph 1
Now UpDateGrabbedEdge...
 I out graph json   frame Num = 325
 characters in UpdateGrapEdges = 1
I am at UpdateGrah in EnvironmentGraph 1
Now UpDateGrabbedEdge...
 I out graph json   frame Num = 326
 characters in UpdateGrapEdges = 1
I am at UpdateGrah in EnvironmentGraph 1
Now UpDateGrabbedEdge...
 I out graph json   frame Num = 327
 characters in UpdateGrapEdges = 1
I am at UpdateGrah in EnvironmentGraph 1
Now UpDateGrabbedEdge...
 I out graph json   frame Num = 328
 characters in UpdateGrapEdges = 1
I am at UpdateGrah in EnvironmentGraph 1
Now UpDateGrabbedEdge...
 I out graph json   frame Num = 329
 characters in UpdateGrapEdges = 1
I am at UpdateGrah in EnvironmentGraph 1
Now UpDateGrabbedEdge...
 I out graph json   frame Num = 330
 characters in UpdateGrapEdges = 1
I am at UpdateGrah in EnvironmentGraph 1
Now UpDateGrabbedEdge...
 I out graph json   frame Num = 331
 characters in UpdateGrapEdges = 1
I am at UpdateGrah in EnvironmentGraph 1
Now UpDateGrabbedEdge...
 I out graph json   frame Num = 332
 characters in UpdateGrapEdges = 1
I am at UpdateGrah in EnvironmentGraph 1
Now UpDateGrabbedEdge...
 I out graph json   frame Num = 333
 characters in UpdateGrapEdges = 1
I am at UpdateGrah in EnvironmentGraph 1
Now UpDateGrabbedEdge...
 I out graph json   frame Num = 334
 characters in UpdateGrapEdges = 1
I am at UpdateGrah in EnvironmentGraph 1
Now UpDateGrabbedEdge...
 I out graph json   frame Num = 335
 characters in UpdateGrapEdges = 1
I am at UpdateGrah in EnvironmentGraph 1
Now UpDateGrabbedEdge...
 I out graph json   frame Num = 336
 characters in UpdateGrapEdges = 1
I am at UpdateGrah in EnvironmentGraph 1
Now UpDateGrabbedEdge...
 I out graph json   frame Num = 337
 characters in UpdateGrapEdges = 1
I am at UpdateGrah in EnvironmentGraph 1
Now UpDateGrabbedEdge...
 I out graph json   frame Num = 338
 characters in UpdateGrapEdges = 1
I am at UpdateGrah in EnvironmentGraph 1
Now UpDateGrabbedEdge...
 I out graph json   frame Num = 339
 characters in UpdateGrapEdges = 1
I am at UpdateGrah in EnvironmentGraph 1
Now UpDateGrabbedEdge...
 I out graph json   frame Num = 340
 characters in UpdateGrapEdges = 1
I am at UpdateGrah in EnvironmentGraph 1
Now UpDateGrabbedEdge...
 I out graph json   frame Num = 341
 characters in UpdateGrapEdges = 1
I am at UpdateGrah in EnvironmentGraph 1
Now UpDateGrabbedEdge...
 I out graph json   frame Num = 342
 characters in UpdateGrapEdges = 1
I am at UpdateGrah in EnvironmentGraph 1
Now UpDateGrabbedEdge...
 I out graph json   frame Num = 343
 characters in UpdateGrapEdges = 1
I am at UpdateGrah in EnvironmentGraph 1
Now UpDateGrabbedEdge...
 I out graph json   frame Num = 344
 characters in UpdateGrapEdges = 1
I am at UpdateGrah in EnvironmentGraph 1
Now UpDateGrabbedEdge...
 I out graph json   frame Num = 345
 characters in UpdateGrapEdges = 1
I am at UpdateGrah in EnvironmentGraph 1
Now UpDateGrabbedEdge...
 I out graph json   frame Num = 346
 characters in UpdateGrapEdges = 1
I am at UpdateGrah in EnvironmentGraph 1
Now UpDateGrabbedEdge...
 I out graph json   frame Num = 347
 characters in UpdateGrapEdges = 1
I am at UpdateGrah in EnvironmentGraph 1
Now UpDateGrabbedEdge...
 I out graph json   frame Num = 348
 characters in UpdateGrapEdges = 1
I am at UpdateGrah in EnvironmentGraph 1
Now UpDateGrabbedEdge...
 I out graph json   frame Num = 349
 characters in UpdateGrapEdges = 1
I am at UpdateGrah in EnvironmentGraph 1
Now UpDateGrabbedEdge...
 I out graph json   frame Num = 350
 characters in UpdateGrapEdges = 1
I am at UpdateGrah in EnvironmentGraph 1
Now UpDateGrabbedEdge...
 I out graph json   frame Num = 351
 characters in UpdateGrapEdges = 1
I am at UpdateGrah in EnvironmentGraph 1
Now UpDateGrabbedEdge...
 I out graph json   frame Num = 352
 characters in UpdateGrapEdges = 1
I am at UpdateGrah in EnvironmentGraph 1
Now UpDateGrabbedEdge...
 I out graph json   frame Num = 353
 characters in UpdateGrapEdges = 1
I am at UpdateGrah in EnvironmentGraph 1
Now UpDateGrabbedEdge...
 I out graph json   frame Num = 354
 characters in UpdateGrapEdges = 1
I am at UpdateGrah in EnvironmentGraph 1
Now UpDateGrabbedEdge...
 I out graph json   frame Num = 355
 characters in UpdateGrapEdges = 1
I am at UpdateGrah in EnvironmentGraph 1
Now UpDateGrabbedEdge...
 I out graph json   frame Num = 356
 characters in UpdateGrapEdges = 1
I am at UpdateGrah in EnvironmentGraph 1
Now UpDateGrabbedEdge...
 I out graph json   frame Num = 357
 characters in UpdateGrapEdges = 1
I am at UpdateGrah in EnvironmentGraph 1
Now UpDateGrabbedEdge...
 I out graph json   frame Num = 358
 characters in UpdateGrapEdges = 1
I am at UpdateGrah in EnvironmentGraph 1
Now UpDateGrabbedEdge...
 I out graph json   frame Num = 359
 characters in UpdateGrapEdges = 1
I am at UpdateGrah in EnvironmentGraph 1
Now UpDateGrabbedEdge...
 I out graph json   frame Num = 360
 characters in UpdateGrapEdges = 1
I am at UpdateGrah in EnvironmentGraph 1
Now UpDateGrabbedEdge...
 I out graph json   frame Num = 361
 characters in UpdateGrapEdges = 1
I am at UpdateGrah in EnvironmentGraph 1
Now UpDateGrabbedEdge...
 I out graph json   frame Num = 362
 characters in UpdateGrapEdges = 1
I am at UpdateGrah in EnvironmentGraph 1
Now UpDateGrabbedEdge...
 I out graph json   frame Num = 363
 characters in UpdateGrapEdges = 1
I am at UpdateGrah in EnvironmentGraph 1
Now UpDateGrabbedEdge...
 I out graph json   frame Num = 364
 characters in UpdateGrapEdges = 1
I am at UpdateGrah in EnvironmentGraph 1
Now UpDateGrabbedEdge...
 I out graph json   frame Num = 365
 characters in UpdateGrapEdges = 1
I am at UpdateGrah in EnvironmentGraph 1
Now UpDateGrabbedEdge...
 I out graph json   frame Num = 366
 characters in UpdateGrapEdges = 1
I am at UpdateGrah in EnvironmentGraph 1
Now UpDateGrabbedEdge...
 I out graph json   frame Num = 367
 characters in UpdateGrapEdges = 1
I am at UpdateGrah in EnvironmentGraph 1
Now UpDateGrabbedEdge...
 I out graph json   frame Num = 368
 characters in UpdateGrapEdges = 1
I am at UpdateGrah in EnvironmentGraph 1
Now UpDateGrabbedEdge...
 I out graph json   frame Num = 369
 characters in UpdateGrapEdges = 1
I am at UpdateGrah in EnvironmentGraph 1
Now UpDateGrabbedEdge...
 I out graph json   frame Num = 370
 characters in UpdateGrapEdges = 1
I am at UpdateGrah in EnvironmentGraph 1
Now UpDateGrabbedEdge...
 I out graph json   frame Num = 371
 characters in UpdateGrapEdges = 1
I am at UpdateGrah in EnvironmentGraph 1
Now UpDateGrabbedEdge...
 I out graph json   frame Num = 372
 characters in UpdateGrapEdges = 1
I am at UpdateGrah in EnvironmentGraph 1
Now UpDateGrabbedEdge...
 I out graph json   frame Num = 373
 characters in UpdateGrapEdges = 1
I am at UpdateGrah in EnvironmentGraph 1
Now UpDateGrabbedEdge...
 I out graph json   frame Num = 374
 characters in UpdateGrapEdges = 1
I am at UpdateGrah in EnvironmentGraph 1
Now UpDateGrabbedEdge...
 I out graph json   frame Num = 375
 characters in UpdateGrapEdges = 1
I am at UpdateGrah in EnvironmentGraph 1
Now UpDateGrabbedEdge...
 I out graph json   frame Num = 376
 characters in UpdateGrapEdges = 1
I am at UpdateGrah in EnvironmentGraph 1
Now UpDateGrabbedEdge...
 I out graph json   frame Num = 377
 characters in UpdateGrapEdges = 1
I am at UpdateGrah in EnvironmentGraph 1
Now UpDateGrabbedEdge...
 I out graph json   frame Num = 378
 characters in UpdateGrapEdges = 1
I am at UpdateGrah in EnvironmentGraph 1
Now UpDateGrabbedEdge...
 I out graph json   frame Num = 379
 characters in UpdateGrapEdges = 1
I am at UpdateGrah in EnvironmentGraph 1
Now UpDateGrabbedEdge...
 I out graph json   frame Num = 380
 characters in UpdateGrapEdges = 1
I am at UpdateGrah in EnvironmentGraph 1
Now UpDateGrabbedEdge...
 I out graph json   frame Num = 381
 characters in UpdateGrapEdges = 1
I am at UpdateGrah in EnvironmentGraph 1
Now UpDateGrabbedEdge...
 I out graph json   frame Num = 382
 characters in UpdateGrapEdges = 1
I am at UpdateGrah in EnvironmentGraph 1
Now UpDateGrabbedEdge...
 I out graph json   frame Num = 383
 characters in UpdateGrapEdges = 1
I am at UpdateGrah in EnvironmentGraph 1
Now UpDateGrabbedEdge...
 I out graph json   frame Num = 384
 characters in UpdateGrapEdges = 1
I am at UpdateGrah in EnvironmentGraph 1
Now UpDateGrabbedEdge...
 I out graph json   frame Num = 385
 characters in UpdateGrapEdges = 1
I am at UpdateGrah in EnvironmentGraph 1
Now UpDateGrabbedEdge...
 I out graph json   frame Num = 386
 characters in UpdateGrapEdges = 1
I am at UpdateGrah in EnvironmentGraph 1
Now UpDateGrabbedEdge...
 I out graph json   frame Num = 387
 characters in UpdateGrapEdges = 1
I am at UpdateGrah in EnvironmentGraph 1
Now UpDateGrabbedEdge...
 I out graph json   frame Num = 388
 characters in UpdateGrapEdges = 1
I am at UpdateGrah in EnvironmentGraph 1
Now UpDateGrabbedEdge...
 I out graph json   frame Num = 389
 characters in UpdateGrapEdges = 1
I am at UpdateGrah in EnvironmentGraph 1
Now UpDateGrabbedEdge...
 I out graph json   frame Num = 390
 characters in UpdateGrapEdges = 1
I am at UpdateGrah in EnvironmentGraph 1
Now UpDateGrabbedEdge...
 I out graph json   frame Num = 391
 characters in UpdateGrapEdges = 1
I am at UpdateGrah in EnvironmentGraph 1
Now UpDateGrabbedEdge...
 I out graph json   frame Num = 392
 characters in UpdateGrapEdges = 1
I am at UpdateGrah in EnvironmentGraph 1
Now UpDateGrabbedEdge...
 I out graph json   frame Num = 393
 characters in UpdateGrapEdges = 1
I am at UpdateGrah in EnvironmentGraph 1
Now UpDateGrabbedEdge...
 I out graph json   frame Num = 394
 characters in UpdateGrapEdges = 1
I am at UpdateGrah in EnvironmentGraph 1
Now UpDateGrabbedEdge...
 I out graph json   frame Num = 395
 characters in UpdateGrapEdges = 1
I am at UpdateGrah in EnvironmentGraph 1
Now UpDateGrabbedEdge...
 I out graph json   frame Num = 396
 characters in UpdateGrapEdges = 1
I am at UpdateGrah in EnvironmentGraph 1
Now UpDateGrabbedEdge...
 I out graph json   frame Num = 397
 characters in UpdateGrapEdges = 1
I am at UpdateGrah in EnvironmentGraph 1
Now UpDateGrabbedEdge...
 I out graph json   frame Num = 398
 characters in UpdateGrapEdges = 1
I am at UpdateGrah in EnvironmentGraph 1
Now UpDateGrabbedEdge...
 I out graph json   frame Num = 399
 characters in UpdateGrapEdges = 1
I am at UpdateGrah in EnvironmentGraph 1
Now UpDateGrabbedEdge...
 I out graph json   frame Num = 400
 characters in UpdateGrapEdges = 1
I am at UpdateGrah in EnvironmentGraph 1
Now UpDateGrabbedEdge...
 I out graph json   frame Num = 401
 characters in UpdateGrapEdges = 1
I am at UpdateGrah in EnvironmentGraph 1
Now UpDateGrabbedEdge...
 I out graph json   frame Num = 402
 characters in UpdateGrapEdges = 1
I am at UpdateGrah in EnvironmentGraph 1
Now UpDateGrabbedEdge...
 I out graph json   frame Num = 403
 characters in UpdateGrapEdges = 1
I am at UpdateGrah in EnvironmentGraph 1
Now UpDateGrabbedEdge...
 I out graph json   frame Num = 404
 characters in UpdateGrapEdges = 1
I am at UpdateGrah in EnvironmentGraph 1
Now UpDateGrabbedEdge...
 I out graph json   frame Num = 405
 characters in UpdateGrapEdges = 1
I am at UpdateGrah in EnvironmentGraph 1
Now UpDateGrabbedEdge...
 I out graph json   frame Num = 406
 characters in UpdateGrapEdges = 1
I am at UpdateGrah in EnvironmentGraph 1
Now UpDateGrabbedEdge...
 I out graph json   frame Num = 407
 characters in UpdateGrapEdges = 1
I am at UpdateGrah in EnvironmentGraph 1
Now UpDateGrabbedEdge...
 I out graph json   frame Num = 408
 characters in UpdateGrapEdges = 1
I am at UpdateGrah in EnvironmentGraph 1
Now UpDateGrabbedEdge...
 I out graph json   frame Num = 409
 characters in UpdateGrapEdges = 1
I am at UpdateGrah in EnvironmentGraph 1
Now UpDateGrabbedEdge...
 I out graph json   frame Num = 410
 characters in UpdateGrapEdges = 1
I am at UpdateGrah in EnvironmentGraph 1
Now UpDateGrabbedEdge...
 I out graph json   frame Num = 411
 characters in UpdateGrapEdges = 1
I am at UpdateGrah in EnvironmentGraph 1
Now UpDateGrabbedEdge...
 I out graph json   frame Num = 412
 characters in UpdateGrapEdges = 1
I am at UpdateGrah in EnvironmentGraph 1
Now UpDateGrabbedEdge...
 I out graph json   frame Num = 413
 characters in UpdateGrapEdges = 1
I am at UpdateGrah in EnvironmentGraph 1
Now UpDateGrabbedEdge...
 I out graph json   frame Num = 414
 characters in UpdateGrapEdges = 1
I am at UpdateGrah in EnvironmentGraph 1
Now UpDateGrabbedEdge...
 I out graph json   frame Num = 415
 characters in UpdateGrapEdges = 1
I am at UpdateGrah in EnvironmentGraph 1
Now UpDateGrabbedEdge...
 I out graph json   frame Num = 416
 characters in UpdateGrapEdges = 1
I am at UpdateGrah in EnvironmentGraph 1
Now UpDateGrabbedEdge...
 I out graph json   frame Num = 417
 characters in UpdateGrapEdges = 1
I am at UpdateGrah in EnvironmentGraph 1
Now UpDateGrabbedEdge...
 I out graph json   frame Num = 418
 characters in UpdateGrapEdges = 1
I am at UpdateGrah in EnvironmentGraph 1
Now UpDateGrabbedEdge...
 I out graph json   frame Num = 419
 characters in UpdateGrapEdges = 1
I am at UpdateGrah in EnvironmentGraph 1
Now UpDateGrabbedEdge...
 I out graph json   frame Num = 420
 characters in UpdateGrapEdges = 1
I am at UpdateGrah in EnvironmentGraph 1
Now UpDateGrabbedEdge...
 I out graph json   frame Num = 421
 characters in UpdateGrapEdges = 1
I am at UpdateGrah in EnvironmentGraph 1
Now UpDateGrabbedEdge...
 I out graph json   frame Num = 422
 characters in UpdateGrapEdges = 1
I am at UpdateGrah in EnvironmentGraph 1
Now UpDateGrabbedEdge...
 I out graph json   frame Num = 423
 characters in UpdateGrapEdges = 1
I am at UpdateGrah in EnvironmentGraph 1
Now UpDateGrabbedEdge...
 I out graph json   frame Num = 424
 characters in UpdateGrapEdges = 1
I am at UpdateGrah in EnvironmentGraph 1
Now UpDateGrabbedEdge...
 I out graph json   frame Num = 425
 characters in UpdateGrapEdges = 1
I am at UpdateGrah in EnvironmentGraph 1
Now UpDateGrabbedEdge...
 I out graph json   frame Num = 426
 characters in UpdateGrapEdges = 1
I am at UpdateGrah in EnvironmentGraph 1
Now UpDateGrabbedEdge...
 I out graph json   frame Num = 427
 characters in UpdateGrapEdges = 1
I am at UpdateGrah in EnvironmentGraph 1
Now UpDateGrabbedEdge...
 I out graph json   frame Num = 428
 characters in UpdateGrapEdges = 1
I am at UpdateGrah in EnvironmentGraph 1
Now UpDateGrabbedEdge...
 I out graph json   frame Num = 429
 characters in UpdateGrapEdges = 1
I am at UpdateGrah in EnvironmentGraph 1
Now UpDateGrabbedEdge...
 I out graph json   frame Num = 430
 characters in UpdateGrapEdges = 1
I am at UpdateGrah in EnvironmentGraph 1
Now UpDateGrabbedEdge...
 I out graph json   frame Num = 431
 characters in UpdateGrapEdges = 1
I am at UpdateGrah in EnvironmentGraph 1
Now UpDateGrabbedEdge...
 I out graph json   frame Num = 432
 characters in UpdateGrapEdges = 1
I am at UpdateGrah in EnvironmentGraph 1
Now UpDateGrabbedEdge...
 I out graph json   frame Num = 433
 characters in UpdateGrapEdges = 1
I am at UpdateGrah in EnvironmentGraph 1
Now UpDateGrabbedEdge...
 I out graph json   frame Num = 434
 characters in UpdateGrapEdges = 1
I am at UpdateGrah in EnvironmentGraph 1
Now UpDateGrabbedEdge...
 I out graph json   frame Num = 435
 characters in UpdateGrapEdges = 1
I am at UpdateGrah in EnvironmentGraph 1
Now UpDateGrabbedEdge...
 I out graph json   frame Num = 436
 characters in UpdateGrapEdges = 1
I am at UpdateGrah in EnvironmentGraph 1
Now UpDateGrabbedEdge...
 I out graph json   frame Num = 437
 characters in UpdateGrapEdges = 1
I am at UpdateGrah in EnvironmentGraph 1
Now UpDateGrabbedEdge...
 I out graph json   frame Num = 438
 characters in UpdateGrapEdges = 1
I am at UpdateGrah in EnvironmentGraph 1
Now UpDateGrabbedEdge...
 I out graph json   frame Num = 439
 characters in UpdateGrapEdges = 1
I am at UpdateGrah in EnvironmentGraph 1
Now UpDateGrabbedEdge...
 I out graph json   frame Num = 440
 characters in UpdateGrapEdges = 1
I am at UpdateGrah in EnvironmentGraph 1
Now UpDateGrabbedEdge...
 I out graph json   frame Num = 441
 characters in UpdateGrapEdges = 1
I am at UpdateGrah in EnvironmentGraph 1
Now UpDateGrabbedEdge...
 I out graph json   frame Num = 442
 characters in UpdateGrapEdges = 1
I am at UpdateGrah in EnvironmentGraph 1
Now UpDateGrabbedEdge...
 I out graph json   frame Num = 443
 characters in UpdateGrapEdges = 1
I am at UpdateGrah in EnvironmentGraph 1
Now UpDateGrabbedEdge...
 I out graph json   frame Num = 444
 characters in UpdateGrapEdges = 1
I am at UpdateGrah in EnvironmentGraph 1
Now UpDateGrabbedEdge...
 I out graph json   frame Num = 445
 characters in UpdateGrapEdges = 1
I am at UpdateGrah in EnvironmentGraph 1
Now UpDateGrabbedEdge...
 I out graph json   frame Num = 446
 characters in UpdateGrapEdges = 1
I am at UpdateGrah in EnvironmentGraph 1
Now UpDateGrabbedEdge...
 I out graph json   frame Num = 447
 characters in UpdateGrapEdges = 1
I am at UpdateGrah in EnvironmentGraph 1
Now UpDateGrabbedEdge...
 I out graph json   frame Num = 448
 characters in UpdateGrapEdges = 1
I am at UpdateGrah in EnvironmentGraph 1
Now UpDateGrabbedEdge...
 I out graph json   frame Num = 449
 characters in UpdateGrapEdges = 1
I am at UpdateGrah in EnvironmentGraph 1
Now UpDateGrabbedEdge...
 I out graph json   frame Num = 450
 characters in UpdateGrapEdges = 1
I am at UpdateGrah in EnvironmentGraph 1
Now UpDateGrabbedEdge...
 I out graph json   frame Num = 451
 characters in UpdateGrapEdges = 1
I am at UpdateGrah in EnvironmentGraph 1
Now UpDateGrabbedEdge...
 I out graph json   frame Num = 452
 characters in UpdateGrapEdges = 1
I am at UpdateGrah in EnvironmentGraph 1
Now UpDateGrabbedEdge...
 I out graph json   frame Num = 453
 characters in UpdateGrapEdges = 1
I am at UpdateGrah in EnvironmentGraph 1
Now UpDateGrabbedEdge...
 I out graph json   frame Num = 454
 characters in UpdateGrapEdges = 1
I am at UpdateGrah in EnvironmentGraph 1
Now UpDateGrabbedEdge...
 I out graph json   frame Num = 455
 characters in UpdateGrapEdges = 1
I am at UpdateGrah in EnvironmentGraph 1
Now UpDateGrabbedEdge...
 I out graph json   frame Num = 456
 characters in UpdateGrapEdges = 1
I am at UpdateGrah in EnvironmentGraph 1
Now UpDateGrabbedEdge...
 I out graph json   frame Num = 457
 characters in UpdateGrapEdges = 1
I am at UpdateGrah in EnvironmentGraph 1
Now UpDateGrabbedEdge...
 I out graph json   frame Num = 458
 characters in UpdateGrapEdges = 1
I am at UpdateGrah in EnvironmentGraph 1
Now UpDateGrabbedEdge...
 I out graph json   frame Num = 459
 characters in UpdateGrapEdges = 1
I am at UpdateGrah in EnvironmentGraph 1
Now UpDateGrabbedEdge...
 I out graph json   frame Num = 460
 characters in UpdateGrapEdges = 1
I am at UpdateGrah in EnvironmentGraph 1
Now UpDateGrabbedEdge...
 I out graph json   frame Num = 461
 characters in UpdateGrapEdges = 1
I am at UpdateGrah in EnvironmentGraph 1
Now UpDateGrabbedEdge...
 I out graph json   frame Num = 462
 characters in UpdateGrapEdges = 1
I am at UpdateGrah in EnvironmentGraph 1
Now UpDateGrabbedEdge...
 I out graph json   frame Num = 463
 characters in UpdateGrapEdges = 1
I am at UpdateGrah in EnvironmentGraph 1
Now UpDateGrabbedEdge...
 I out graph json   frame Num = 464
 characters in UpdateGrapEdges = 1
I am at UpdateGrah in EnvironmentGraph 1
Now UpDateGrabbedEdge...
 I out graph json   frame Num = 465
 characters in UpdateGrapEdges = 1
I am at UpdateGrah in EnvironmentGraph 1
Now UpDateGrabbedEdge...
 I out graph json   frame Num = 466
 characters in UpdateGrapEdges = 1
I am at UpdateGrah in EnvironmentGraph 1
Now UpDateGrabbedEdge...
 I out graph json   frame Num = 467
 characters in UpdateGrapEdges = 1
I am at UpdateGrah in EnvironmentGraph 1
Now UpDateGrabbedEdge...
 I out graph json   frame Num = 468
 characters in UpdateGrapEdges = 1
I am at UpdateGrah in EnvironmentGraph 1
Now UpDateGrabbedEdge...
 I out graph json   frame Num = 469
 characters in UpdateGrapEdges = 1
I am at UpdateGrah in EnvironmentGraph 1
Now UpDateGrabbedEdge...
 I out graph json   frame Num = 470
 characters in UpdateGrapEdges = 1
I am at UpdateGrah in EnvironmentGraph 1
Now UpDateGrabbedEdge...
 I out graph json   frame Num = 471
 characters in UpdateGrapEdges = 1
I am at UpdateGrah in EnvironmentGraph 1
Now UpDateGrabbedEdge...
 I out graph json   frame Num = 472
 characters in UpdateGrapEdges = 1
I am at UpdateGrah in EnvironmentGraph 1
Now UpDateGrabbedEdge...
 I out graph json   frame Num = 473
 characters in UpdateGrapEdges = 1
I am at UpdateGrah in EnvironmentGraph 1
Now UpDateGrabbedEdge...
 I out graph json   frame Num = 474
 characters in UpdateGrapEdges = 1
I am at UpdateGrah in EnvironmentGraph 1
Now UpDateGrabbedEdge...
 I out graph json   frame Num = 475
 characters in UpdateGrapEdges = 1
I am at UpdateGrah in EnvironmentGraph 1
Now UpDateGrabbedEdge...
 I out graph json   frame Num = 476
 characters in UpdateGrapEdges = 1
I am at UpdateGrah in EnvironmentGraph 1
Now UpDateGrabbedEdge...
 I out graph json   frame Num = 477
 characters in UpdateGrapEdges = 1
I am at UpdateGrah in EnvironmentGraph 1
Now UpDateGrabbedEdge...
 I out graph json   frame Num = 478
 characters in UpdateGrapEdges = 1
I am at UpdateGrah in EnvironmentGraph 1
Now UpDateGrabbedEdge...
 I out graph json   frame Num = 479
 characters in UpdateGrapEdges = 1
I am at UpdateGrah in EnvironmentGraph 1
Now UpDateGrabbedEdge...
 I out graph json   frame Num = 480
 characters in UpdateGrapEdges = 1
I am at UpdateGrah in EnvironmentGraph 1
Now UpDateGrabbedEdge...
 I out graph json   frame Num = 481
 characters in UpdateGrapEdges = 1
I am at UpdateGrah in EnvironmentGraph 1
Now UpDateGrabbedEdge...
 I out graph json   frame Num = 482
 characters in UpdateGrapEdges = 1
I am at UpdateGrah in EnvironmentGraph 1
Now UpDateGrabbedEdge...
 I out graph json   frame Num = 483
 characters in UpdateGrapEdges = 1
I am at UpdateGrah in EnvironmentGraph 1
Now UpDateGrabbedEdge...
 I out graph json   frame Num = 484
 characters in UpdateGrapEdges = 1
I am at UpdateGrah in EnvironmentGraph 1
Now UpDateGrabbedEdge...
 I out graph json   frame Num = 485
 characters in UpdateGrapEdges = 1
I am at UpdateGrah in EnvironmentGraph 1
Now UpDateGrabbedEdge...
 I out graph json   frame Num = 486
 characters in UpdateGrapEdges = 1
I am at UpdateGrah in EnvironmentGraph 1
Now UpDateGrabbedEdge...
 I out graph json   frame Num = 487
 characters in UpdateGrapEdges = 1
I am at UpdateGrah in EnvironmentGraph 1
Now UpDateGrabbedEdge...
 I out graph json   frame Num = 488
 characters in UpdateGrapEdges = 1
I am at UpdateGrah in EnvironmentGraph 1
Now UpDateGrabbedEdge...
 I out graph json   frame Num = 489
 characters in UpdateGrapEdges = 1
I am at UpdateGrah in EnvironmentGraph 1
Now UpDateGrabbedEdge...
 I out graph json   frame Num = 490
 characters in UpdateGrapEdges = 1
I am at UpdateGrah in EnvironmentGraph 1
Now UpDateGrabbedEdge...
 I out graph json   frame Num = 491
 characters in UpdateGrapEdges = 1
I am at UpdateGrah in EnvironmentGraph 1
Now UpDateGrabbedEdge...
 I out graph json   frame Num = 492
 characters in UpdateGrapEdges = 1
I am at UpdateGrah in EnvironmentGraph 1
Now UpDateGrabbedEdge...
 I out graph json   frame Num = 493
 characters in UpdateGrapEdges = 1
I am at UpdateGrah in EnvironmentGraph 1
Now UpDateGrabbedEdge...
 I out graph json   frame Num = 494
 characters in UpdateGrapEdges = 1
I am at UpdateGrah in EnvironmentGraph 1
Now UpDateGrabbedEdge...
 I out graph json   frame Num = 495
 characters in UpdateGrapEdges = 1
I am at UpdateGrah in EnvironmentGraph 1
Now UpDateGrabbedEdge...
 I out graph json   frame Num = 496
 characters in UpdateGrapEdges = 1
I am at UpdateGrah in EnvironmentGraph 1
Now UpDateGrabbedEdge...
 I out graph json   frame Num = 497
 characters in UpdateGrapEdges = 1
I am at UpdateGrah in EnvironmentGraph 1
Now UpDateGrabbedEdge...
 I out graph json   frame Num = 498
 characters in UpdateGrapEdges = 1
I am at UpdateGrah in EnvironmentGraph 1
Now UpDateGrabbedEdge...
 I out graph json   frame Num = 499
 characters in UpdateGrapEdges = 1
I am at UpdateGrah in EnvironmentGraph 1
Now UpDateGrabbedEdge...
 I out graph json   frame Num = 500
 characters in UpdateGrapEdges = 1
I am at UpdateGrah in EnvironmentGraph 1
Now UpDateGrabbedEdge...
 I out graph json   frame Num = 501
 characters in UpdateGrapEdges = 1
I am at UpdateGrah in EnvironmentGraph 1
Now UpDateGrabbedEdge...
 I out graph json   frame Num = 502
 characters in UpdateGrapEdges = 1
I am at UpdateGrah in EnvironmentGraph 1
Now UpDateGrabbedEdge...
 I out graph json   frame Num = 503
 characters in UpdateGrapEdges = 1
I am at UpdateGrah in EnvironmentGraph 1
Now UpDateGrabbedEdge...
 I out graph json   frame Num = 504
 characters in UpdateGrapEdges = 1
I am at UpdateGrah in EnvironmentGraph 1
Now UpDateGrabbedEdge...
 I out graph json   frame Num = 505
 characters in UpdateGrapEdges = 1
I am at UpdateGrah in EnvironmentGraph 1
Now UpDateGrabbedEdge...
 I out graph json   frame Num = 506
 characters in UpdateGrapEdges = 1
I am at UpdateGrah in EnvironmentGraph 1
Now UpDateGrabbedEdge...
 I out graph json   frame Num = 507
 characters in UpdateGrapEdges = 1
I am at UpdateGrah in EnvironmentGraph 1
Now UpDateGrabbedEdge...
 I out graph json   frame Num = 508
 characters in UpdateGrapEdges = 1
I am at UpdateGrah in EnvironmentGraph 1
Now UpDateGrabbedEdge...
 I out graph json   frame Num = 509
 characters in UpdateGrapEdges = 1
I am at UpdateGrah in EnvironmentGraph 1
Now UpDateGrabbedEdge...
 I out graph json   frame Num = 510
 characters in UpdateGrapEdges = 1
I am at UpdateGrah in EnvironmentGraph 1
Now UpDateGrabbedEdge...
 I out graph json   frame Num = 511
 characters in UpdateGrapEdges = 1
I am at UpdateGrah in EnvironmentGraph 1
Now UpDateGrabbedEdge...
 I out graph json   frame Num = 512
 characters in UpdateGrapEdges = 1
I am at UpdateGrah in EnvironmentGraph 1
Now UpDateGrabbedEdge...
 I out graph json   frame Num = 513
 characters in UpdateGrapEdges = 1
I am at UpdateGrah in EnvironmentGraph 1
Now UpDateGrabbedEdge...
 I out graph json   frame Num = 514
 characters in UpdateGrapEdges = 1
I am at UpdateGrah in EnvironmentGraph 1
Now UpDateGrabbedEdge...
 I out graph json   frame Num = 515
 characters in UpdateGrapEdges = 1
I am at UpdateGrah in EnvironmentGraph 1
Now UpDateGrabbedEdge...
 I out graph json   frame Num = 516
 characters in UpdateGrapEdges = 1
I am at UpdateGrah in EnvironmentGraph 1
Now UpDateGrabbedEdge...
 I out graph json   frame Num = 517
 characters in UpdateGrapEdges = 1
I am at UpdateGrah in EnvironmentGraph 1
Now UpDateGrabbedEdge...
 I out graph json   frame Num = 518
 characters in UpdateGrapEdges = 1
I am at UpdateGrah in EnvironmentGraph 1
Now UpDateGrabbedEdge...
 I out graph json   frame Num = 519
 characters in UpdateGrapEdges = 1
I am at UpdateGrah in EnvironmentGraph 1
Now UpDateGrabbedEdge...
 I out graph json   frame Num = 520
 characters in UpdateGrapEdges = 1
I am at UpdateGrah in EnvironmentGraph 1
Now UpDateGrabbedEdge...
 I out graph json   frame Num = 521
 characters in UpdateGrapEdges = 1
I am at UpdateGrah in EnvironmentGraph 1
Now UpDateGrabbedEdge...
 I out graph json   frame Num = 522
 characters in UpdateGrapEdges = 1
I am at UpdateGrah in EnvironmentGraph 1
Now UpDateGrabbedEdge...
 I out graph json   frame Num = 523
 characters in UpdateGrapEdges = 1
I am at UpdateGrah in EnvironmentGraph 1
Now UpDateGrabbedEdge...
 I out graph json   frame Num = 524
 characters in UpdateGrapEdges = 1
I am at UpdateGrah in EnvironmentGraph 1
Now UpDateGrabbedEdge...
 I out graph json   frame Num = 525
 characters in UpdateGrapEdges = 1
I am at UpdateGrah in EnvironmentGraph 1
Now UpDateGrabbedEdge...
 I out graph json   frame Num = 526
 characters in UpdateGrapEdges = 1
I am at UpdateGrah in EnvironmentGraph 1
Now UpDateGrabbedEdge...
 I out graph json   frame Num = 527
 characters in UpdateGrapEdges = 1
I am at UpdateGrah in EnvironmentGraph 1
Now UpDateGrabbedEdge...
 I out graph json   frame Num = 528
 characters in UpdateGrapEdges = 1
I am at UpdateGrah in EnvironmentGraph 1
Now UpDateGrabbedEdge...
 I out graph json   frame Num = 529
 characters in UpdateGrapEdges = 1
I am at UpdateGrah in EnvironmentGraph 1
Now UpDateGrabbedEdge...
 I out graph json   frame Num = 530
 characters in UpdateGrapEdges = 1
I am at UpdateGrah in EnvironmentGraph 1
Now UpDateGrabbedEdge...
 I out graph json   frame Num = 531
 characters in UpdateGrapEdges = 1
I am at UpdateGrah in EnvironmentGraph 1
Now UpDateGrabbedEdge...
 I out graph json   frame Num = 532
 characters in UpdateGrapEdges = 1
I am at UpdateGrah in EnvironmentGraph 1
Now UpDateGrabbedEdge...
 I out graph json   frame Num = 533
 characters in UpdateGrapEdges = 1
I am at UpdateGrah in EnvironmentGraph 1
Now UpDateGrabbedEdge...
 I out graph json   frame Num = 534
 characters in UpdateGrapEdges = 1
I am at UpdateGrah in EnvironmentGraph 1
Now UpDateGrabbedEdge...
 I out graph json   frame Num = 535
 characters in UpdateGrapEdges = 1
I am at UpdateGrah in EnvironmentGraph 1
Now UpDateGrabbedEdge...
 I out graph json   frame Num = 536
 characters in UpdateGrapEdges = 1
I am at UpdateGrah in EnvironmentGraph 1
Now UpDateGrabbedEdge...
 I out graph json   frame Num = 537
 characters in UpdateGrapEdges = 1
I am at UpdateGrah in EnvironmentGraph 1
Now UpDateGrabbedEdge...
 I out graph json   frame Num = 538
 characters in UpdateGrapEdges = 1
I am at UpdateGrah in EnvironmentGraph 1
Now UpDateGrabbedEdge...
 I out graph json   frame Num = 539
 characters in UpdateGrapEdges = 1
I am at UpdateGrah in EnvironmentGraph 1
Now UpDateGrabbedEdge...
 I out graph json   frame Num = 540
 characters in UpdateGrapEdges = 1
I am at UpdateGrah in EnvironmentGraph 1
Now UpDateGrabbedEdge...
 I out graph json   frame Num = 541
 characters in UpdateGrapEdges = 1
I am at UpdateGrah in EnvironmentGraph 1
Now UpDateGrabbedEdge...
 I out graph json   frame Num = 542
 characters in UpdateGrapEdges = 1
I am at UpdateGrah in EnvironmentGraph 1
Now UpDateGrabbedEdge...
 I out graph json   frame Num = 543
 characters in UpdateGrapEdges = 1
I am at UpdateGrah in EnvironmentGraph 1
Now UpDateGrabbedEdge...
 I out graph json   frame Num = 544
 characters in UpdateGrapEdges = 1
I am at UpdateGrah in EnvironmentGraph 1
Now UpDateGrabbedEdge...
 I out graph json   frame Num = 545
 characters in UpdateGrapEdges = 1
I am at UpdateGrah in EnvironmentGraph 1
Now UpDateGrabbedEdge...
 I out graph json   frame Num = 546
 characters in UpdateGrapEdges = 1
I am at UpdateGrah in EnvironmentGraph 1
Now UpDateGrabbedEdge...
 I out graph json   frame Num = 547
 characters in UpdateGrapEdges = 1
I am at UpdateGrah in EnvironmentGraph 1
Now UpDateGrabbedEdge...
 I out graph json   frame Num = 548
 characters in UpdateGrapEdges = 1
I am at UpdateGrah in EnvironmentGraph 1
Now UpDateGrabbedEdge...
 I out graph json   frame Num = 549
 characters in UpdateGrapEdges = 1
I am at UpdateGrah in EnvironmentGraph 1
Now UpDateGrabbedEdge...
 I out graph json   frame Num = 550
 characters in UpdateGrapEdges = 1
I am at UpdateGrah in EnvironmentGraph 1
Now UpDateGrabbedEdge...
 I out graph json   frame Num = 551
 characters in UpdateGrapEdges = 1
I am at UpdateGrah in EnvironmentGraph 1
Now UpDateGrabbedEdge...
 I out graph json   frame Num = 552
 characters in UpdateGrapEdges = 1
I am at UpdateGrah in EnvironmentGraph 1
Now UpDateGrabbedEdge...
 I out graph json   frame Num = 553
 characters in UpdateGrapEdges = 1
I am at UpdateGrah in EnvironmentGraph 1
Now UpDateGrabbedEdge...
 I out graph json   frame Num = 554
 characters in UpdateGrapEdges = 1
I am at UpdateGrah in EnvironmentGraph 1
Now UpDateGrabbedEdge...
 I out graph json   frame Num = 555
 characters in UpdateGrapEdges = 1
I am at UpdateGrah in EnvironmentGraph 1
Now UpDateGrabbedEdge...
 I out graph json   frame Num = 556
 characters in UpdateGrapEdges = 1
I am at UpdateGrah in EnvironmentGraph 1
Now UpDateGrabbedEdge...
 I out graph json   frame Num = 557
 characters in UpdateGrapEdges = 1
I am at UpdateGrah in EnvironmentGraph 1
Now UpDateGrabbedEdge...
 I out graph json   frame Num = 558
 characters in UpdateGrapEdges = 1
I am at UpdateGrah in EnvironmentGraph 1
Now UpDateGrabbedEdge...
 I out graph json   frame Num = 559
 characters in UpdateGrapEdges = 1
I am at UpdateGrah in EnvironmentGraph 1
Now UpDateGrabbedEdge...
 I out graph json   frame Num = 560
 characters in UpdateGrapEdges = 1
I am at UpdateGrah in EnvironmentGraph 1
Now UpDateGrabbedEdge...
 I out graph json   frame Num = 561
 characters in UpdateGrapEdges = 1
I am at UpdateGrah in EnvironmentGraph 1
Now UpDateGrabbedEdge...
 I out graph json   frame Num = 562
 characters in UpdateGrapEdges = 1
I am at UpdateGrah in EnvironmentGraph 1
Now UpDateGrabbedEdge...
 I out graph json   frame Num = 563
 characters in UpdateGrapEdges = 1
I am at UpdateGrah in EnvironmentGraph 1
Now UpDateGrabbedEdge...
 I out graph json   frame Num = 564
 characters in UpdateGrapEdges = 1
I am at UpdateGrah in EnvironmentGraph 1
Now UpDateGrabbedEdge...
 I out graph json   frame Num = 565
 characters in UpdateGrapEdges = 1
I am at UpdateGrah in EnvironmentGraph 1
Now UpDateGrabbedEdge...
 I out graph json   frame Num = 566
 characters in UpdateGrapEdges = 1
I am at UpdateGrah in EnvironmentGraph 1
Now UpDateGrabbedEdge...
 I out graph json   frame Num = 567
 characters in UpdateGrapEdges = 1
I am at UpdateGrah in EnvironmentGraph 1
Now UpDateGrabbedEdge...
 I out graph json   frame Num = 568
 characters in UpdateGrapEdges = 1
I am at UpdateGrah in EnvironmentGraph 1
Now UpDateGrabbedEdge...
 I out graph json   frame Num = 569
 characters in UpdateGrapEdges = 1
I am at UpdateGrah in EnvironmentGraph 1
Now UpDateGrabbedEdge...
 I out graph json   frame Num = 570
 characters in UpdateGrapEdges = 1
I am at UpdateGrah in EnvironmentGraph 1
Now UpDateGrabbedEdge...
 I out graph json   frame Num = 571
 characters in UpdateGrapEdges = 1
I am at UpdateGrah in EnvironmentGraph 1
Now UpDateGrabbedEdge...
 I out graph json   frame Num = 572
 characters in UpdateGrapEdges = 1
I am at UpdateGrah in EnvironmentGraph 1
Now UpDateGrabbedEdge...
 I out graph json   frame Num = 573
 characters in UpdateGrapEdges = 1
I am at UpdateGrah in EnvironmentGraph 1
Now UpDateGrabbedEdge...
 I out graph json   frame Num = 574
 characters in UpdateGrapEdges = 1
I am at UpdateGrah in EnvironmentGraph 1
Now UpDateGrabbedEdge...
 I out graph json   frame Num = 575
 characters in UpdateGrapEdges = 1
I am at UpdateGrah in EnvironmentGraph 1
Now UpDateGrabbedEdge...
 I out graph json   frame Num = 576
 characters in UpdateGrapEdges = 1
I am at UpdateGrah in EnvironmentGraph 1
Now UpDateGrabbedEdge...
 I out graph json   frame Num = 577
 characters in UpdateGrapEdges = 1
I am at UpdateGrah in EnvironmentGraph 1
Now UpDateGrabbedEdge...
 I out graph json   frame Num = 578
 characters in UpdateGrapEdges = 1
I am at UpdateGrah in EnvironmentGraph 1
Now UpDateGrabbedEdge...
 I out graph json   frame Num = 579
 characters in UpdateGrapEdges = 1
I am at UpdateGrah in EnvironmentGraph 1
Now UpDateGrabbedEdge...
 I out graph json   frame Num = 580
 characters in UpdateGrapEdges = 1
I am at UpdateGrah in EnvironmentGraph 1
Now UpDateGrabbedEdge...
 I out graph json   frame Num = 581
 characters in UpdateGrapEdges = 1
I am at UpdateGrah in EnvironmentGraph 1
Now UpDateGrabbedEdge...
 I out graph json   frame Num = 582
 characters in UpdateGrapEdges = 1
I am at UpdateGrah in EnvironmentGraph 1
Now UpDateGrabbedEdge...
 I out graph json   frame Num = 583
 characters in UpdateGrapEdges = 1
I am at UpdateGrah in EnvironmentGraph 1
Now UpDateGrabbedEdge...
 I out graph json   frame Num = 584
 characters in UpdateGrapEdges = 1
I am at UpdateGrah in EnvironmentGraph 1
Now UpDateGrabbedEdge...
 I out graph json   frame Num = 585
 characters in UpdateGrapEdges = 1
I am at UpdateGrah in EnvironmentGraph 1
Now UpDateGrabbedEdge...
 I out graph json   frame Num = 586
 characters in UpdateGrapEdges = 1
I am at UpdateGrah in EnvironmentGraph 1
Now UpDateGrabbedEdge...
 I out graph json   frame Num = 587
 characters in UpdateGrapEdges = 1
I am at UpdateGrah in EnvironmentGraph 1
Now UpDateGrabbedEdge...
 I out graph json   frame Num = 588
 characters in UpdateGrapEdges = 1
I am at UpdateGrah in EnvironmentGraph 1
Now UpDateGrabbedEdge...
 I out graph json   frame Num = 589
 characters in UpdateGrapEdges = 1
I am at UpdateGrah in EnvironmentGraph 1
Now UpDateGrabbedEdge...
 I out graph json   frame Num = 590
 characters in UpdateGrapEdges = 1
I am at UpdateGrah in EnvironmentGraph 1
Now UpDateGrabbedEdge...
 I out graph json   frame Num = 591
 characters in UpdateGrapEdges = 1
I am at UpdateGrah in EnvironmentGraph 1
Now UpDateGrabbedEdge...
 I out graph json   frame Num = 592
 characters in UpdateGrapEdges = 1
I am at UpdateGrah in EnvironmentGraph 1
Now UpDateGrabbedEdge...
 I out graph json   frame Num = 593
 characters in UpdateGrapEdges = 1
I am at UpdateGrah in EnvironmentGraph 1
Now UpDateGrabbedEdge...
 I out graph json   frame Num = 594
 characters in UpdateGrapEdges = 1
I am at UpdateGrah in EnvironmentGraph 1
Now UpDateGrabbedEdge...
 I out graph json   frame Num = 595
 characters in UpdateGrapEdges = 1
I am at UpdateGrah in EnvironmentGraph 1
Now UpDateGrabbedEdge...
 I out graph json   frame Num = 596
 characters in UpdateGrapEdges = 1
I am at UpdateGrah in EnvironmentGraph 1
Now UpDateGrabbedEdge...
 I out graph json   frame Num = 597
 characters in UpdateGrapEdges = 1
I am at UpdateGrah in EnvironmentGraph 1
Now UpDateGrabbedEdge...
 I out graph json   frame Num = 598
 characters in UpdateGrapEdges = 1
I am at UpdateGrah in EnvironmentGraph 1
Now UpDateGrabbedEdge...
 I out graph json   frame Num = 599
 characters in UpdateGrapEdges = 1
I am at UpdateGrah in EnvironmentGraph 1
Now UpDateGrabbedEdge...
 I out graph json   frame Num = 600
 characters in UpdateGrapEdges = 1
I am at UpdateGrah in EnvironmentGraph 1
Now UpDateGrabbedEdge...
 I out graph json   frame Num = 601
 characters in UpdateGrapEdges = 1
I am at UpdateGrah in EnvironmentGraph 1
Now UpDateGrabbedEdge...
 I out graph json   frame Num = 602
 characters in UpdateGrapEdges = 1
I am at UpdateGrah in EnvironmentGraph 1
Now UpDateGrabbedEdge...
 I out graph json   frame Num = 603
 characters in UpdateGrapEdges = 1
I am at UpdateGrah in EnvironmentGraph 1
Now UpDateGrabbedEdge...
 I out graph json   frame Num = 604
 characters in UpdateGrapEdges = 1
I am at UpdateGrah in EnvironmentGraph 1
Now UpDateGrabbedEdge...
 I out graph json   frame Num = 605
 characters in UpdateGrapEdges = 1
I am at UpdateGrah in EnvironmentGraph 1
Now UpDateGrabbedEdge...
 I out graph json   frame Num = 606
 characters in UpdateGrapEdges = 1
I am at UpdateGrah in EnvironmentGraph 1
Now UpDateGrabbedEdge...
 I out graph json   frame Num = 607
 characters in UpdateGrapEdges = 1
I am at UpdateGrah in EnvironmentGraph 1
Now UpDateGrabbedEdge...
 I out graph json   frame Num = 608
 characters in UpdateGrapEdges = 1
I am at UpdateGrah in EnvironmentGraph 1
Now UpDateGrabbedEdge...
 I out graph json   frame Num = 609
 characters in UpdateGrapEdges = 1
I am at UpdateGrah in EnvironmentGraph 1
Now UpDateGrabbedEdge...
 I out graph json   frame Num = 610
 characters in UpdateGrapEdges = 1
I am at UpdateGrah in EnvironmentGraph 1
Now UpDateGrabbedEdge...
 I out graph json   frame Num = 611
 characters in UpdateGrapEdges = 1
I am at UpdateGrah in EnvironmentGraph 1
Now UpDateGrabbedEdge...
 I out graph json   frame Num = 612
 characters in UpdateGrapEdges = 1
I am at UpdateGrah in EnvironmentGraph 1
Now UpDateGrabbedEdge...
 I out graph json   frame Num = 613
 characters in UpdateGrapEdges = 1
I am at UpdateGrah in EnvironmentGraph 1
Now UpDateGrabbedEdge...
 I out graph json   frame Num = 614
 characters in UpdateGrapEdges = 1
I am at UpdateGrah in EnvironmentGraph 1
Now UpDateGrabbedEdge...
 I out graph json   frame Num = 615
 characters in UpdateGrapEdges = 1
I am at UpdateGrah in EnvironmentGraph 1
Now UpDateGrabbedEdge...
 I out graph json   frame Num = 616
 characters in UpdateGrapEdges = 1
I am at UpdateGrah in EnvironmentGraph 1
Now UpDateGrabbedEdge...
 I out graph json   frame Num = 617
 characters in UpdateGrapEdges = 1
I am at UpdateGrah in EnvironmentGraph 1
Now UpDateGrabbedEdge...
 I out graph json   frame Num = 618
 characters in UpdateGrapEdges = 1
I am at UpdateGrah in EnvironmentGraph 1
Now UpDateGrabbedEdge...
 I out graph json   frame Num = 619
 characters in UpdateGrapEdges = 1
I am at UpdateGrah in EnvironmentGraph 1
Now UpDateGrabbedEdge...
 I out graph json   frame Num = 620
 characters in UpdateGrapEdges = 1
I am at UpdateGrah in EnvironmentGraph 1
Now UpDateGrabbedEdge...
 I out graph json   frame Num = 621
 characters in UpdateGrapEdges = 1
I am at UpdateGrah in EnvironmentGraph 1
Now UpDateGrabbedEdge...
 I out graph json   frame Num = 622
 characters in UpdateGrapEdges = 1
I am at UpdateGrah in EnvironmentGraph 1
Now UpDateGrabbedEdge...
 I out graph json   frame Num = 623
 characters in UpdateGrapEdges = 1
I am at UpdateGrah in EnvironmentGraph 1
Now UpDateGrabbedEdge...
 I out graph json   frame Num = 624
 characters in UpdateGrapEdges = 1
I am at UpdateGrah in EnvironmentGraph 1
Now UpDateGrabbedEdge...
 I out graph json   frame Num = 625
 characters in UpdateGrapEdges = 1
I am at UpdateGrah in EnvironmentGraph 1
Now UpDateGrabbedEdge...
 I out graph json   frame Num = 626
 characters in UpdateGrapEdges = 1
I am at UpdateGrah in EnvironmentGraph 1
Now UpDateGrabbedEdge...
 I out graph json   frame Num = 627
 characters in UpdateGrapEdges = 1
I am at UpdateGrah in EnvironmentGraph 1
Now UpDateGrabbedEdge...
 I out graph json   frame Num = 628
 characters in UpdateGrapEdges = 1
I am at UpdateGrah in EnvironmentGraph 1
Now UpDateGrabbedEdge...
 I out graph json   frame Num = 629
 characters in UpdateGrapEdges = 1
I am at UpdateGrah in EnvironmentGraph 1
Now UpDateGrabbedEdge...
 I out graph json   frame Num = 630
 characters in UpdateGrapEdges = 1
I am at UpdateGrah in EnvironmentGraph 1
Now UpDateGrabbedEdge...
 I out graph json   frame Num = 631
 characters in UpdateGrapEdges = 1
I am at UpdateGrah in EnvironmentGraph 1
Now UpDateGrabbedEdge...
 I out graph json   frame Num = 632
 characters in UpdateGrapEdges = 1
I am at UpdateGrah in EnvironmentGraph 1
Now UpDateGrabbedEdge...
 I out graph json   frame Num = 633
 characters in UpdateGrapEdges = 1
I am at UpdateGrah in EnvironmentGraph 1
Now UpDateGrabbedEdge...
 I out graph json   frame Num = 634
 characters in UpdateGrapEdges = 1
I am at UpdateGrah in EnvironmentGraph 1
Now UpDateGrabbedEdge...
 I out graph json   frame Num = 635
 characters in UpdateGrapEdges = 1
I am at UpdateGrah in EnvironmentGraph 1
Now UpDateGrabbedEdge...
 I out graph json   frame Num = 636
 characters in UpdateGrapEdges = 1
I am at UpdateGrah in EnvironmentGraph 1
Now UpDateGrabbedEdge...
 I out graph json   frame Num = 637
 characters in UpdateGrapEdges = 1
I am at UpdateGrah in EnvironmentGraph 1
Now UpDateGrabbedEdge...
 I out graph json   frame Num = 638
 characters in UpdateGrapEdges = 1
I am at UpdateGrah in EnvironmentGraph 1
Now UpDateGrabbedEdge...
 I out graph json   frame Num = 639
 characters in UpdateGrapEdges = 1
I am at UpdateGrah in EnvironmentGraph 1
Now UpDateGrabbedEdge...
 I out graph json   frame Num = 640
 characters in UpdateGrapEdges = 1
I am at UpdateGrah in EnvironmentGraph 1
Now UpDateGrabbedEdge...
 I out graph json   frame Num = 641
 characters in UpdateGrapEdges = 1
I am at UpdateGrah in EnvironmentGraph 1
Now UpDateGrabbedEdge...
 I out graph json   frame Num = 642
 characters in UpdateGrapEdges = 1
I am at UpdateGrah in EnvironmentGraph 1
Now UpDateGrabbedEdge...
 I out graph json   frame Num = 643
 characters in UpdateGrapEdges = 1
I am at UpdateGrah in EnvironmentGraph 1
Now UpDateGrabbedEdge...
 I out graph json   frame Num = 644
 characters in UpdateGrapEdges = 1
I am at UpdateGrah in EnvironmentGraph 1
Now UpDateGrabbedEdge...
 I out graph json   frame Num = 645
 characters in UpdateGrapEdges = 1
I am at UpdateGrah in EnvironmentGraph 1
Now UpDateGrabbedEdge...
 I out graph json   frame Num = 646
 characters in UpdateGrapEdges = 1
I am at UpdateGrah in EnvironmentGraph 1
Now UpDateGrabbedEdge...
 I out graph json   frame Num = 647
 characters in UpdateGrapEdges = 1
I am at UpdateGrah in EnvironmentGraph 1
Now UpDateGrabbedEdge...
 I out graph json   frame Num = 648
 characters in UpdateGrapEdges = 1
I am at UpdateGrah in EnvironmentGraph 1
Now UpDateGrabbedEdge...
 I out graph json   frame Num = 649
 characters in UpdateGrapEdges = 1
I am at UpdateGrah in EnvironmentGraph 1
Now UpDateGrabbedEdge...
 I out graph json   frame Num = 650
 characters in UpdateGrapEdges = 1
I am at UpdateGrah in EnvironmentGraph 1
Now UpDateGrabbedEdge...
 I out graph json   frame Num = 651
 characters in UpdateGrapEdges = 1
I am at UpdateGrah in EnvironmentGraph 1
Now UpDateGrabbedEdge...
 I out graph json   frame Num = 652
 characters in UpdateGrapEdges = 1
I am at UpdateGrah in EnvironmentGraph 1
Now UpDateGrabbedEdge...
 I out graph json   frame Num = 653
 characters in UpdateGrapEdges = 1
I am at UpdateGrah in EnvironmentGraph 1
Now UpDateGrabbedEdge...
 I out graph json   frame Num = 654
 characters in UpdateGrapEdges = 1
I am at UpdateGrah in EnvironmentGraph 1
Now UpDateGrabbedEdge...
 I out graph json   frame Num = 655
 characters in UpdateGrapEdges = 1
I am at UpdateGrah in EnvironmentGraph 1
Now UpDateGrabbedEdge...
 I out graph json   frame Num = 656
 characters in UpdateGrapEdges = 1
I am at UpdateGrah in EnvironmentGraph 1
Now UpDateGrabbedEdge...
 I out graph json   frame Num = 657
 characters in UpdateGrapEdges = 1
I am at UpdateGrah in EnvironmentGraph 1
Now UpDateGrabbedEdge...
 I out graph json   frame Num = 658
 characters in UpdateGrapEdges = 1
I am at UpdateGrah in EnvironmentGraph 1
Now UpDateGrabbedEdge...
 I out graph json   frame Num = 659
 characters in UpdateGrapEdges = 1
I am at UpdateGrah in EnvironmentGraph 1
Now UpDateGrabbedEdge...
 I out graph json   frame Num = 660
 characters in UpdateGrapEdges = 1
I am at UpdateGrah in EnvironmentGraph 1
Now UpDateGrabbedEdge...
 I out graph json   frame Num = 661
 characters in UpdateGrapEdges = 1
I am at UpdateGrah in EnvironmentGraph 1
Now UpDateGrabbedEdge...
 I out graph json   frame Num = 662
 characters in UpdateGrapEdges = 1
I am at UpdateGrah in EnvironmentGraph 1
Now UpDateGrabbedEdge...
 I out graph json   frame Num = 663
 characters in UpdateGrapEdges = 1
I am at UpdateGrah in EnvironmentGraph 1
Now UpDateGrabbedEdge...
 I out graph json   frame Num = 664
 characters in UpdateGrapEdges = 1
I am at UpdateGrah in EnvironmentGraph 1
Now UpDateGrabbedEdge...
 I out graph json   frame Num = 665
 characters in UpdateGrapEdges = 1
I am at UpdateGrah in EnvironmentGraph 1
Now UpDateGrabbedEdge...
 I out graph json   frame Num = 666
 characters in UpdateGrapEdges = 1
I am at UpdateGrah in EnvironmentGraph 1
Now UpDateGrabbedEdge...
 I out graph json   frame Num = 667
 characters in UpdateGrapEdges = 1
I am at UpdateGrah in EnvironmentGraph 1
Now UpDateGrabbedEdge...
 I out graph json   frame Num = 668
 characters in UpdateGrapEdges = 1
I am at UpdateGrah in EnvironmentGraph 1
Now UpDateGrabbedEdge...
 I out graph json   frame Num = 669
 characters in UpdateGrapEdges = 1
I am at UpdateGrah in EnvironmentGraph 1
Now UpDateGrabbedEdge...
 I out graph json   frame Num = 670
 characters in UpdateGrapEdges = 1
I am at UpdateGrah in EnvironmentGraph 1
Now UpDateGrabbedEdge...
 I out graph json   frame Num = 671
 characters in UpdateGrapEdges = 1
I am at UpdateGrah in EnvironmentGraph 1
Now UpDateGrabbedEdge...
 I out graph json   frame Num = 672
 characters in UpdateGrapEdges = 1
I am at UpdateGrah in EnvironmentGraph 1
Now UpDateGrabbedEdge...
 I out graph json   frame Num = 673
 characters in UpdateGrapEdges = 1
I am at UpdateGrah in EnvironmentGraph 1
Now UpDateGrabbedEdge...
 I out graph json   frame Num = 674
 characters in UpdateGrapEdges = 1
I am at UpdateGrah in EnvironmentGraph 1
Now UpDateGrabbedEdge...
 I out graph json   frame Num = 675
 characters in UpdateGrapEdges = 1
I am at UpdateGrah in EnvironmentGraph 1
Now UpDateGrabbedEdge...
 I out graph json   frame Num = 676
 characters in UpdateGrapEdges = 1
I am at UpdateGrah in EnvironmentGraph 1
Now UpDateGrabbedEdge...
 I out graph json   frame Num = 677
 characters in UpdateGrapEdges = 1
I am at UpdateGrah in EnvironmentGraph 1
Now UpDateGrabbedEdge...
 I out graph json   frame Num = 678
 characters in UpdateGrapEdges = 1
I am at UpdateGrah in EnvironmentGraph 1
Now UpDateGrabbedEdge...
 I out graph json   frame Num = 679
 characters in UpdateGrapEdges = 1
I am at UpdateGrah in EnvironmentGraph 1
Now UpDateGrabbedEdge...
 I out graph json   frame Num = 680
 characters in UpdateGrapEdges = 1
I am at UpdateGrah in EnvironmentGraph 1
Now UpDateGrabbedEdge...
 I out graph json   frame Num = 681
 characters in UpdateGrapEdges = 1
I am at UpdateGrah in EnvironmentGraph 1
Now UpDateGrabbedEdge...
 I out graph json   frame Num = 682
 characters in UpdateGrapEdges = 1
I am at UpdateGrah in EnvironmentGraph 1
Now UpDateGrabbedEdge...
 I out graph json   frame Num = 683
 characters in UpdateGrapEdges = 1
I am at UpdateGrah in EnvironmentGraph 1
Now UpDateGrabbedEdge...
 I out graph json   frame Num = 684
 characters in UpdateGrapEdges = 1
I am at UpdateGrah in EnvironmentGraph 1
Now UpDateGrabbedEdge...
 I out graph json   frame Num = 685
 characters in UpdateGrapEdges = 1
I am at UpdateGrah in EnvironmentGraph 1
Now UpDateGrabbedEdge...
 I out graph json   frame Num = 686
 characters in UpdateGrapEdges = 1
I am at UpdateGrah in EnvironmentGraph 1
Now UpDateGrabbedEdge...
 I out graph json   frame Num = 687
 characters in UpdateGrapEdges = 1
I am at UpdateGrah in EnvironmentGraph 1
Now UpDateGrabbedEdge...
 I out graph json   frame Num = 688
 characters in UpdateGrapEdges = 1
I am at UpdateGrah in EnvironmentGraph 1
Now UpDateGrabbedEdge...
 I out graph json   frame Num = 689
 characters in UpdateGrapEdges = 1
I am at UpdateGrah in EnvironmentGraph 1
Now UpDateGrabbedEdge...
 I out graph json   frame Num = 690
 characters in UpdateGrapEdges = 1
I am at UpdateGrah in EnvironmentGraph 1
Now UpDateGrabbedEdge...
 I out graph json   frame Num = 691
 characters in UpdateGrapEdges = 1
I am at UpdateGrah in EnvironmentGraph 1
Now UpDateGrabbedEdge...
 I out graph json   frame Num = 692
 characters in UpdateGrapEdges = 1
I am at UpdateGrah in EnvironmentGraph 1
Now UpDateGrabbedEdge...
 I out graph json   frame Num = 693
 characters in UpdateGrapEdges = 1
I am at UpdateGrah in EnvironmentGraph 1
Now UpDateGrabbedEdge...
 I out graph json   frame Num = 694
 characters in UpdateGrapEdges = 1
I am at UpdateGrah in EnvironmentGraph 1
Now UpDateGrabbedEdge...
 I out graph json   frame Num = 695
 characters in UpdateGrapEdges = 1
I am at UpdateGrah in EnvironmentGraph 1
Now UpDateGrabbedEdge...
 I out graph json   frame Num = 696
 characters in UpdateGrapEdges = 1
I am at UpdateGrah in EnvironmentGraph 1
Now UpDateGrabbedEdge...
 I out graph json   frame Num = 697
 characters in UpdateGrapEdges = 1
I am at UpdateGrah in EnvironmentGraph 1
Now UpDateGrabbedEdge...
 I out graph json   frame Num = 698
 characters in UpdateGrapEdges = 1
I am at UpdateGrah in EnvironmentGraph 1
Now UpDateGrabbedEdge...
 I out graph json   frame Num = 699
 characters in UpdateGrapEdges = 1
I am at UpdateGrah in EnvironmentGraph 1
Now UpDateGrabbedEdge...
 I out graph json   frame Num = 700
 characters in UpdateGrapEdges = 1
I am at UpdateGrah in EnvironmentGraph 1
Now UpDateGrabbedEdge...
 I out graph json   frame Num = 701
 characters in UpdateGrapEdges = 1
I am at UpdateGrah in EnvironmentGraph 1
Now UpDateGrabbedEdge...
 I out graph json   frame Num = 702
 characters in UpdateGrapEdges = 1
I am at UpdateGrah in EnvironmentGraph 1
Now UpDateGrabbedEdge...
 I out graph json   frame Num = 703
 characters in UpdateGrapEdges = 1
I am at UpdateGrah in EnvironmentGraph 1
Now UpDateGrabbedEdge...
 I out graph json   frame Num = 704
 characters in UpdateGrapEdges = 1
I am at UpdateGrah in EnvironmentGraph 1
Now UpDateGrabbedEdge...
 I out graph json   frame Num = 705
 characters in UpdateGrapEdges = 1
I am at UpdateGrah in EnvironmentGraph 1
Now UpDateGrabbedEdge...
 I out graph json   frame Num = 706
 characters in UpdateGrapEdges = 1
I am at UpdateGrah in EnvironmentGraph 1
Now UpDateGrabbedEdge...
 I out graph json   frame Num = 707
 characters in UpdateGrapEdges = 1
I am at UpdateGrah in EnvironmentGraph 1
Now UpDateGrabbedEdge...
 I out graph json   frame Num = 708
 characters in UpdateGrapEdges = 1
I am at UpdateGrah in EnvironmentGraph 1
Now UpDateGrabbedEdge...
 I out graph json   frame Num = 709
 characters in UpdateGrapEdges = 1
I am at UpdateGrah in EnvironmentGraph 1
Now UpDateGrabbedEdge...
 I out graph json   frame Num = 710
 characters in UpdateGrapEdges = 1
I am at UpdateGrah in EnvironmentGraph 1
Now UpDateGrabbedEdge...
 I out graph json   frame Num = 711
 characters in UpdateGrapEdges = 1
I am at UpdateGrah in EnvironmentGraph 1
Now UpDateGrabbedEdge...
 I out graph json   frame Num = 712
 characters in UpdateGrapEdges = 1
I am at UpdateGrah in EnvironmentGraph 1
Now UpDateGrabbedEdge...
 I out graph json   frame Num = 713
 characters in UpdateGrapEdges = 1
I am at UpdateGrah in EnvironmentGraph 1
Now UpDateGrabbedEdge...
 I out graph json   frame Num = 714
 characters in UpdateGrapEdges = 1
I am at UpdateGrah in EnvironmentGraph 1
Now UpDateGrabbedEdge...
 I out graph json   frame Num = 715
 characters in UpdateGrapEdges = 1
I am at UpdateGrah in EnvironmentGraph 1
Now UpDateGrabbedEdge...
 I out graph json   frame Num = 716
 characters in UpdateGrapEdges = 1
I am at UpdateGrah in EnvironmentGraph 1
Now UpDateGrabbedEdge...
 I out graph json   frame Num = 717
 characters in UpdateGrapEdges = 1
I am at UpdateGrah in EnvironmentGraph 1
Now UpDateGrabbedEdge...
 I out graph json   frame Num = 718
 characters in UpdateGrapEdges = 1
I am at UpdateGrah in EnvironmentGraph 1
Now UpDateGrabbedEdge...
 I out graph json   frame Num = 719
 characters in UpdateGrapEdges = 1
I am at UpdateGrah in EnvironmentGraph 1
Now UpDateGrabbedEdge...
 I out graph json   frame Num = 720
 characters in UpdateGrapEdges = 1
I am at UpdateGrah in EnvironmentGraph 1
Now UpDateGrabbedEdge...
 I out graph json   frame Num = 721
 characters in UpdateGrapEdges = 1
I am at UpdateGrah in EnvironmentGraph 1
Now UpDateGrabbedEdge...
 I out graph json   frame Num = 722
 characters in UpdateGrapEdges = 1
I am at UpdateGrah in EnvironmentGraph 1
Now UpDateGrabbedEdge...
 I out graph json   frame Num = 723
 characters in UpdateGrapEdges = 1
I am at UpdateGrah in EnvironmentGraph 1
Now UpDateGrabbedEdge...
 I out graph json   frame Num = 724
 characters in UpdateGrapEdges = 1
I am at UpdateGrah in EnvironmentGraph 1
Now UpDateGrabbedEdge...
 I out graph json   frame Num = 725
 characters in UpdateGrapEdges = 1
I am at UpdateGrah in EnvironmentGraph 1
Now UpDateGrabbedEdge...
 I out graph json   frame Num = 726
 characters in UpdateGrapEdges = 1
I am at UpdateGrah in EnvironmentGraph 1
Now UpDateGrabbedEdge...
 I out graph json   frame Num = 727
 characters in UpdateGrapEdges = 1
I am at UpdateGrah in EnvironmentGraph 1
Now UpDateGrabbedEdge...
 I out graph json   frame Num = 728
 characters in UpdateGrapEdges = 1
I am at UpdateGrah in EnvironmentGraph 1
Now UpDateGrabbedEdge...
 I out graph json   frame Num = 729
 characters in UpdateGrapEdges = 1
I am at UpdateGrah in EnvironmentGraph 1
Now UpDateGrabbedEdge...
 I out graph json   frame Num = 730
 characters in UpdateGrapEdges = 1
I am at UpdateGrah in EnvironmentGraph 1
Now UpDateGrabbedEdge...
 I out graph json   frame Num = 731
 characters in UpdateGrapEdges = 1
I am at UpdateGrah in EnvironmentGraph 1
Now UpDateGrabbedEdge...
 I out graph json   frame Num = 732
 characters in UpdateGrapEdges = 1
I am at UpdateGrah in EnvironmentGraph 1
Now UpDateGrabbedEdge...
 I out graph json   frame Num = 733
 characters in UpdateGrapEdges = 1
I am at UpdateGrah in EnvironmentGraph 1
Now UpDateGrabbedEdge...
 I out graph json   frame Num = 734
 characters in UpdateGrapEdges = 1
I am at UpdateGrah in EnvironmentGraph 1
Now UpDateGrabbedEdge...
 I out graph json   frame Num = 735
 characters in UpdateGrapEdges = 1
I am at UpdateGrah in EnvironmentGraph 1
Now UpDateGrabbedEdge...
 I out graph json   frame Num = 736
 characters in UpdateGrapEdges = 1
I am at UpdateGrah in EnvironmentGraph 1
Now UpDateGrabbedEdge...
 I out graph json   frame Num = 737
 characters in UpdateGrapEdges = 1
I am at UpdateGrah in EnvironmentGraph 1
Now UpDateGrabbedEdge...
 I out graph json   frame Num = 738
 characters in UpdateGrapEdges = 1
I am at UpdateGrah in EnvironmentGraph 1
Now UpDateGrabbedEdge...
 I out graph json   frame Num = 739
 characters in UpdateGrapEdges = 1
I am at UpdateGrah in EnvironmentGraph 1
Now UpDateGrabbedEdge...
 I out graph json   frame Num = 740
 characters in UpdateGrapEdges = 1
I am at UpdateGrah in EnvironmentGraph 1
Now UpDateGrabbedEdge...
 I out graph json   frame Num = 741
 characters in UpdateGrapEdges = 1
I am at UpdateGrah in EnvironmentGraph 1
Now UpDateGrabbedEdge...
 I out graph json   frame Num = 742
 characters in UpdateGrapEdges = 1
I am at UpdateGrah in EnvironmentGraph 1
Now UpDateGrabbedEdge...
 I out graph json   frame Num = 743
 characters in UpdateGrapEdges = 1
I am at UpdateGrah in EnvironmentGraph 1
Now UpDateGrabbedEdge...
 I out graph json   frame Num = 744
 characters in UpdateGrapEdges = 1
I am at UpdateGrah in EnvironmentGraph 1
Now UpDateGrabbedEdge...
 I out graph json   frame Num = 745
 characters in UpdateGrapEdges = 1
I am at UpdateGrah in EnvironmentGraph 1
Now UpDateGrabbedEdge...
 I out graph json   frame Num = 746
 characters in UpdateGrapEdges = 1
I am at UpdateGrah in EnvironmentGraph 1
Now UpDateGrabbedEdge...
 I out graph json   frame Num = 747
 characters in UpdateGrapEdges = 1
I am at UpdateGrah in EnvironmentGraph 1
Now UpDateGrabbedEdge...
 I out graph json   frame Num = 748
 characters in UpdateGrapEdges = 1
I am at UpdateGrah in EnvironmentGraph 1
Now UpDateGrabbedEdge...
 I out graph json   frame Num = 749
 characters in UpdateGrapEdges = 1
I am at UpdateGrah in EnvironmentGraph 1
Now UpDateGrabbedEdge...
 I out graph json   frame Num = 750
 characters in UpdateGrapEdges = 1
I am at UpdateGrah in EnvironmentGraph 1
Now UpDateGrabbedEdge...
 I out graph json   frame Num = 751
 characters in UpdateGrapEdges = 1
I am at UpdateGrah in EnvironmentGraph 1
Now UpDateGrabbedEdge...
 I out graph json   frame Num = 752
 characters in UpdateGrapEdges = 1
I am at UpdateGrah in EnvironmentGraph 1
Now UpDateGrabbedEdge...
 I out graph json   frame Num = 753
 characters in UpdateGrapEdges = 1
I am at UpdateGrah in EnvironmentGraph 1
Now UpDateGrabbedEdge...
 I out graph json   frame Num = 754
 characters in UpdateGrapEdges = 1
I am at UpdateGrah in EnvironmentGraph 1
Now UpDateGrabbedEdge...
 I out graph json   frame Num = 755
 characters in UpdateGrapEdges = 1
I am at UpdateGrah in EnvironmentGraph 1
Now UpDateGrabbedEdge...
 I out graph json   frame Num = 756
 characters in UpdateGrapEdges = 1
I am at UpdateGrah in EnvironmentGraph 1
Now UpDateGrabbedEdge...
 I out graph json   frame Num = 757
 characters in UpdateGrapEdges = 1
I am at UpdateGrah in EnvironmentGraph 1
Now UpDateGrabbedEdge...
 I out graph json   frame Num = 758
 characters in UpdateGrapEdges = 1
I am at UpdateGrah in EnvironmentGraph 1
Now UpDateGrabbedEdge...
 I out graph json   frame Num = 759
 characters in UpdateGrapEdges = 1
I am at UpdateGrah in EnvironmentGraph 1
Now UpDateGrabbedEdge...
 I out graph json   frame Num = 760
 characters in UpdateGrapEdges = 1
I am at UpdateGrah in EnvironmentGraph 1
Now UpDateGrabbedEdge...
 I out graph json   frame Num = 761
 characters in UpdateGrapEdges = 1
I am at UpdateGrah in EnvironmentGraph 1
Now UpDateGrabbedEdge...
 I out graph json   frame Num = 762
 characters in UpdateGrapEdges = 1
I am at UpdateGrah in EnvironmentGraph 1
Now UpDateGrabbedEdge...
 I out graph json   frame Num = 763
 characters in UpdateGrapEdges = 1
I am at UpdateGrah in EnvironmentGraph 1
Now UpDateGrabbedEdge...
 I out graph json   frame Num = 764
 characters in UpdateGrapEdges = 1
I am at UpdateGrah in EnvironmentGraph 1
Now UpDateGrabbedEdge...
 I out graph json   frame Num = 765
 characters in UpdateGrapEdges = 1
I am at UpdateGrah in EnvironmentGraph 1
Now UpDateGrabbedEdge...
 I out graph json   frame Num = 766
 characters in UpdateGrapEdges = 1
I am at UpdateGrah in EnvironmentGraph 1
Now UpDateGrabbedEdge...
 I out graph json   frame Num = 767
 characters in UpdateGrapEdges = 1
I am at UpdateGrah in EnvironmentGraph 1
Now UpDateGrabbedEdge...
 I out graph json   frame Num = 768
 characters in UpdateGrapEdges = 1
I am at UpdateGrah in EnvironmentGraph 1
Now UpDateGrabbedEdge...
 I out graph json   frame Num = 769
 characters in UpdateGrapEdges = 1
I am at UpdateGrah in EnvironmentGraph 1
Now UpDateGrabbedEdge...
 I out graph json   frame Num = 770
 characters in UpdateGrapEdges = 1
I am at UpdateGrah in EnvironmentGraph 1
Now UpDateGrabbedEdge...
 I out graph json   frame Num = 771
 characters in UpdateGrapEdges = 1
I am at UpdateGrah in EnvironmentGraph 1
Now UpDateGrabbedEdge...
 I out graph json   frame Num = 772
 characters in UpdateGrapEdges = 1
I am at UpdateGrah in EnvironmentGraph 1
Now UpDateGrabbedEdge...
 I out graph json   frame Num = 773
 characters in UpdateGrapEdges = 1
I am at UpdateGrah in EnvironmentGraph 1
Now UpDateGrabbedEdge...
 I out graph json   frame Num = 774
 characters in UpdateGrapEdges = 1
I am at UpdateGrah in EnvironmentGraph 1
Now UpDateGrabbedEdge...
 I out graph json   frame Num = 775
 characters in UpdateGrapEdges = 1
I am at UpdateGrah in EnvironmentGraph 1
Now UpDateGrabbedEdge...
 I out graph json   frame Num = 776
 characters in UpdateGrapEdges = 1
I am at UpdateGrah in EnvironmentGraph 1
Now UpDateGrabbedEdge...
 I out graph json   frame Num = 777
 characters in UpdateGrapEdges = 1
I am at UpdateGrah in EnvironmentGraph 1
Now UpDateGrabbedEdge...
 I out graph json   frame Num = 778
 characters in UpdateGrapEdges = 1
I am at UpdateGrah in EnvironmentGraph 1
Now UpDateGrabbedEdge...
 I out graph json   frame Num = 779
 characters in UpdateGrapEdges = 1
I am at UpdateGrah in EnvironmentGraph 1
Now UpDateGrabbedEdge...
 I out graph json   frame Num = 780
 characters in UpdateGrapEdges = 1
I am at UpdateGrah in EnvironmentGraph 1
Now UpDateGrabbedEdge...
 I out graph json   frame Num = 781
 characters in UpdateGrapEdges = 1
I am at UpdateGrah in EnvironmentGraph 1
Now UpDateGrabbedEdge...
 I out graph json   frame Num = 782
 characters in UpdateGrapEdges = 1
I am at UpdateGrah in EnvironmentGraph 1
Now UpDateGrabbedEdge...
 I out graph json   frame Num = 783
 characters in UpdateGrapEdges = 1
I am at UpdateGrah in EnvironmentGraph 1
Now UpDateGrabbedEdge...
 I out graph json   frame Num = 784
 characters in UpdateGrapEdges = 1
I am at UpdateGrah in EnvironmentGraph 1
Now UpDateGrabbedEdge...
 I out graph json   frame Num = 785
 characters in UpdateGrapEdges = 1
I am at UpdateGrah in EnvironmentGraph 1
Now UpDateGrabbedEdge...
 I out graph json   frame Num = 786
 characters in UpdateGrapEdges = 1
I am at UpdateGrah in EnvironmentGraph 1
Now UpDateGrabbedEdge...
 I out graph json   frame Num = 787
 characters in UpdateGrapEdges = 1
I am at UpdateGrah in EnvironmentGraph 1
Now UpDateGrabbedEdge...
 I out graph json   frame Num = 788
 characters in UpdateGrapEdges = 1
I am at UpdateGrah in EnvironmentGraph 1
Now UpDateGrabbedEdge...
 I out graph json   frame Num = 789
 characters in UpdateGrapEdges = 1
I am at UpdateGrah in EnvironmentGraph 1
Now UpDateGrabbedEdge...
 I out graph json   frame Num = 790
 characters in UpdateGrapEdges = 1
I am at UpdateGrah in EnvironmentGraph 1
Now UpDateGrabbedEdge...
 I out graph json   frame Num = 791
 characters in UpdateGrapEdges = 1
I am at UpdateGrah in EnvironmentGraph 1
Now UpDateGrabbedEdge...
 I out graph json   frame Num = 792
 characters in UpdateGrapEdges = 1
I am at UpdateGrah in EnvironmentGraph 1
Now UpDateGrabbedEdge...
 I out graph json   frame Num = 793
 characters in UpdateGrapEdges = 1
I am at UpdateGrah in EnvironmentGraph 1
Now UpDateGrabbedEdge...
 I out graph json   frame Num = 794
 characters in UpdateGrapEdges = 1
I am at UpdateGrah in EnvironmentGraph 1
Now UpDateGrabbedEdge...
 I out graph json   frame Num = 795
 characters in UpdateGrapEdges = 1
I am at UpdateGrah in EnvironmentGraph 1
Now UpDateGrabbedEdge...
 I out graph json   frame Num = 796
 characters in UpdateGrapEdges = 1
I am at UpdateGrah in EnvironmentGraph 1
Now UpDateGrabbedEdge...
 I out graph json   frame Num = 797
 characters in UpdateGrapEdges = 1
I am at UpdateGrah in EnvironmentGraph 1
Now UpDateGrabbedEdge...
 I out graph json   frame Num = 798
 characters in UpdateGrapEdges = 1
I am at UpdateGrah in EnvironmentGraph 1
Now UpDateGrabbedEdge...
 I out graph json   frame Num = 799
 characters in UpdateGrapEdges = 1
I am at UpdateGrah in EnvironmentGraph 1
Now UpDateGrabbedEdge...
 I out graph json   frame Num = 800
 characters in UpdateGrapEdges = 1
I am at UpdateGrah in EnvironmentGraph 1
Now UpDateGrabbedEdge...
 I out graph json   frame Num = 801
 characters in UpdateGrapEdges = 1
I am at UpdateGrah in EnvironmentGraph 1
Now UpDateGrabbedEdge...
 I out graph json   frame Num = 802
 characters in UpdateGrapEdges = 1
I am at UpdateGrah in EnvironmentGraph 1
Now UpDateGrabbedEdge...
 I out graph json   frame Num = 803
 characters in UpdateGrapEdges = 1
I am at UpdateGrah in EnvironmentGraph 1
Now UpDateGrabbedEdge...
 I out graph json   frame Num = 804
 characters in UpdateGrapEdges = 1
I am at UpdateGrah in EnvironmentGraph 1
Now UpDateGrabbedEdge...
 I out graph json   frame Num = 805
 characters in UpdateGrapEdges = 1
I am at UpdateGrah in EnvironmentGraph 1
Now UpDateGrabbedEdge...
 I out graph json   frame Num = 806
 characters in UpdateGrapEdges = 1
I am at UpdateGrah in EnvironmentGraph 1
Now UpDateGrabbedEdge...
 I out graph json   frame Num = 807
 characters in UpdateGrapEdges = 1
I am at UpdateGrah in EnvironmentGraph 1
Now UpDateGrabbedEdge...
 I out graph json   frame Num = 808
 characters in UpdateGrapEdges = 1
I am at UpdateGrah in EnvironmentGraph 1
Now UpDateGrabbedEdge...
 I out graph json   frame Num = 809
 characters in UpdateGrapEdges = 1
I am at UpdateGrah in EnvironmentGraph 1
Now UpDateGrabbedEdge...
 I out graph json   frame Num = 810
 characters in UpdateGrapEdges = 1
I am at UpdateGrah in EnvironmentGraph 1
Now UpDateGrabbedEdge...
 I out graph json   frame Num = 811
 characters in UpdateGrapEdges = 1
I am at UpdateGrah in EnvironmentGraph 1
Now UpDateGrabbedEdge...
 I out graph json   frame Num = 812
 characters in UpdateGrapEdges = 1
I am at UpdateGrah in EnvironmentGraph 1
Now UpDateGrabbedEdge...
 I out graph json   frame Num = 813
 characters in UpdateGrapEdges = 1
I am at UpdateGrah in EnvironmentGraph 1
Now UpDateGrabbedEdge...
 I out graph json   frame Num = 814
 characters in UpdateGrapEdges = 1
I am at UpdateGrah in EnvironmentGraph 1
Now UpDateGrabbedEdge...
 I out graph json   frame Num = 815
 characters in UpdateGrapEdges = 1
I am at UpdateGrah in EnvironmentGraph 1
Now UpDateGrabbedEdge...
 I out graph json   frame Num = 816
 characters in UpdateGrapEdges = 1
I am at UpdateGrah in EnvironmentGraph 1
Now UpDateGrabbedEdge...
 I out graph json   frame Num = 817
 characters in UpdateGrapEdges = 1
I am at UpdateGrah in EnvironmentGraph 1
Now UpDateGrabbedEdge...
 I out graph json   frame Num = 818
 characters in UpdateGrapEdges = 1
I am at UpdateGrah in EnvironmentGraph 1
Now UpDateGrabbedEdge...
 I out graph json   frame Num = 819
 characters in UpdateGrapEdges = 1
I am at UpdateGrah in EnvironmentGraph 1
Now UpDateGrabbedEdge...
 I out graph json   frame Num = 820
 characters in UpdateGrapEdges = 1
I am at UpdateGrah in EnvironmentGraph 1
Now UpDateGrabbedEdge...
 I out graph json   frame Num = 821
 characters in UpdateGrapEdges = 1
I am at UpdateGrah in EnvironmentGraph 1
Now UpDateGrabbedEdge...
 I out graph json   frame Num = 822
 characters in UpdateGrapEdges = 1
I am at UpdateGrah in EnvironmentGraph 1
Now UpDateGrabbedEdge...
 I out graph json   frame Num = 823
 characters in UpdateGrapEdges = 1
I am at UpdateGrah in EnvironmentGraph 1
Now UpDateGrabbedEdge...
 I out graph json   frame Num = 824
 characters in UpdateGrapEdges = 1
I am at UpdateGrah in EnvironmentGraph 1
Now UpDateGrabbedEdge...
 I out graph json   frame Num = 825
 characters in UpdateGrapEdges = 1
I am at UpdateGrah in EnvironmentGraph 1
Now UpDateGrabbedEdge...
 I out graph json   frame Num = 826
 characters in UpdateGrapEdges = 1
I am at UpdateGrah in EnvironmentGraph 1
Now UpDateGrabbedEdge...
 I out graph json   frame Num = 827
 characters in UpdateGrapEdges = 1
I am at UpdateGrah in EnvironmentGraph 1
Now UpDateGrabbedEdge...
 I out graph json   frame Num = 828
 characters in UpdateGrapEdges = 1
I am at UpdateGrah in EnvironmentGraph 1
Now UpDateGrabbedEdge...
 I out graph json   frame Num = 829
 characters in UpdateGrapEdges = 1
I am at UpdateGrah in EnvironmentGraph 1
Now UpDateGrabbedEdge...
 I out graph json   frame Num = 830
 characters in UpdateGrapEdges = 1
I am at UpdateGrah in EnvironmentGraph 1
Now UpDateGrabbedEdge...
 I out graph json   frame Num = 831
 characters in UpdateGrapEdges = 1
I am at UpdateGrah in EnvironmentGraph 1
Now UpDateGrabbedEdge...
 I out graph json   frame Num = 832
 characters in UpdateGrapEdges = 1
I am at UpdateGrah in EnvironmentGraph 1
Now UpDateGrabbedEdge...
 I out graph json   frame Num = 833
 characters in UpdateGrapEdges = 1
I am at UpdateGrah in EnvironmentGraph 1
Now UpDateGrabbedEdge...
 I out graph json   frame Num = 834
 characters in UpdateGrapEdges = 1
I am at UpdateGrah in EnvironmentGraph 1
Now UpDateGrabbedEdge...
 I out graph json   frame Num = 835
 characters in UpdateGrapEdges = 1
I am at UpdateGrah in EnvironmentGraph 1
Now UpDateGrabbedEdge...
 I out graph json   frame Num = 836
 characters in UpdateGrapEdges = 1
I am at UpdateGrah in EnvironmentGraph 1
Now UpDateGrabbedEdge...
 I out graph json   frame Num = 837
 characters in UpdateGrapEdges = 1
I am at UpdateGrah in EnvironmentGraph 1
Now UpDateGrabbedEdge...
 I out graph json   frame Num = 838
 characters in UpdateGrapEdges = 1
I am at UpdateGrah in EnvironmentGraph 1
Now UpDateGrabbedEdge...
 I out graph json   frame Num = 839
 characters in UpdateGrapEdges = 1
I am at UpdateGrah in EnvironmentGraph 1
Now UpDateGrabbedEdge...
 I out graph json   frame Num = 840
 characters in UpdateGrapEdges = 1
I am at UpdateGrah in EnvironmentGraph 1
Now UpDateGrabbedEdge...
 I out graph json   frame Num = 841
 characters in UpdateGrapEdges = 1
I am at UpdateGrah in EnvironmentGraph 1
Now UpDateGrabbedEdge...
 I out graph json   frame Num = 842
 characters in UpdateGrapEdges = 1
I am at UpdateGrah in EnvironmentGraph 1
Now UpDateGrabbedEdge...
 I out graph json   frame Num = 843
 characters in UpdateGrapEdges = 1
I am at UpdateGrah in EnvironmentGraph 1
Now UpDateGrabbedEdge...
 I out graph json   frame Num = 844
 characters in UpdateGrapEdges = 1
I am at UpdateGrah in EnvironmentGraph 1
Now UpDateGrabbedEdge...
 I out graph json   frame Num = 845
 characters in UpdateGrapEdges = 1
I am at UpdateGrah in EnvironmentGraph 1
Now UpDateGrabbedEdge...
 I out graph json   frame Num = 846
 characters in UpdateGrapEdges = 1
I am at UpdateGrah in EnvironmentGraph 1
Now UpDateGrabbedEdge...
 I out graph json   frame Num = 847
 characters in UpdateGrapEdges = 1
I am at UpdateGrah in EnvironmentGraph 1
Now UpDateGrabbedEdge...
 I out graph json   frame Num = 848
 characters in UpdateGrapEdges = 1
I am at UpdateGrah in EnvironmentGraph 1
Now UpDateGrabbedEdge...
 I out graph json   frame Num = 849
 characters in UpdateGrapEdges = 1
I am at UpdateGrah in EnvironmentGraph 1
Now UpDateGrabbedEdge...
 I out graph json   frame Num = 850
 characters in UpdateGrapEdges = 1
I am at UpdateGrah in EnvironmentGraph 1
Now UpDateGrabbedEdge...
 I out graph json   frame Num = 851
 characters in UpdateGrapEdges = 1
I am at UpdateGrah in EnvironmentGraph 1
Now UpDateGrabbedEdge...
 I out graph json   frame Num = 852
 characters in UpdateGrapEdges = 1
I am at UpdateGrah in EnvironmentGraph 1
Now UpDateGrabbedEdge...
 I out graph json   frame Num = 853
 characters in UpdateGrapEdges = 1
I am at UpdateGrah in EnvironmentGraph 1
Now UpDateGrabbedEdge...
 I out graph json   frame Num = 854
 characters in UpdateGrapEdges = 1
I am at UpdateGrah in EnvironmentGraph 1
Now UpDateGrabbedEdge...
 I out graph json   frame Num = 855
 characters in UpdateGrapEdges = 1
I am at UpdateGrah in EnvironmentGraph 1
Now UpDateGrabbedEdge...
 I out graph json   frame Num = 856
 characters in UpdateGrapEdges = 1
I am at UpdateGrah in EnvironmentGraph 1
Now UpDateGrabbedEdge...
 I out graph json   frame Num = 857
 characters in UpdateGrapEdges = 1
I am at UpdateGrah in EnvironmentGraph 1
Now UpDateGrabbedEdge...
 I out graph json   frame Num = 858
 characters in UpdateGrapEdges = 1
I am at UpdateGrah in EnvironmentGraph 1
Now UpDateGrabbedEdge...
 I out graph json   frame Num = 859
 characters in UpdateGrapEdges = 1
I am at UpdateGrah in EnvironmentGraph 1
Now UpDateGrabbedEdge...
 I out graph json   frame Num = 860
 characters in UpdateGrapEdges = 1
I am at UpdateGrah in EnvironmentGraph 1
Now UpDateGrabbedEdge...
 I out graph json   frame Num = 861
 characters in UpdateGrapEdges = 1
I am at UpdateGrah in EnvironmentGraph 1
Now UpDateGrabbedEdge...
 I out graph json   frame Num = 862
 characters in UpdateGrapEdges = 1
I am at UpdateGrah in EnvironmentGraph 1
Now UpDateGrabbedEdge...
 I out graph json   frame Num = 863
 characters in UpdateGrapEdges = 1
I am at UpdateGrah in EnvironmentGraph 1
Now UpDateGrabbedEdge...
 I out graph json   frame Num = 864
 characters in UpdateGrapEdges = 1
I am at UpdateGrah in EnvironmentGraph 1
Now UpDateGrabbedEdge...
 I out graph json   frame Num = 865
 characters in UpdateGrapEdges = 1
I am at UpdateGrah in EnvironmentGraph 1
Now UpDateGrabbedEdge...
 I out graph json   frame Num = 866
 characters in UpdateGrapEdges = 1
I am at UpdateGrah in EnvironmentGraph 1
Now UpDateGrabbedEdge...
 I out graph json   frame Num = 867
 characters in UpdateGrapEdges = 1
I am at UpdateGrah in EnvironmentGraph 1
Now UpDateGrabbedEdge...
 I out graph json   frame Num = 868
 characters in UpdateGrapEdges = 1
I am at UpdateGrah in EnvironmentGraph 1
Now UpDateGrabbedEdge...
 I out graph json   frame Num = 869
 characters in UpdateGrapEdges = 1
I am at UpdateGrah in EnvironmentGraph 1
Now UpDateGrabbedEdge...
 I out graph json   frame Num = 870
 characters in UpdateGrapEdges = 1
I am at UpdateGrah in EnvironmentGraph 1
Now UpDateGrabbedEdge...
 I out graph json   frame Num = 871
 characters in UpdateGrapEdges = 1
I am at UpdateGrah in EnvironmentGraph 1
Now UpDateGrabbedEdge...
 I out graph json   frame Num = 872
 characters in UpdateGrapEdges = 1
I am at UpdateGrah in EnvironmentGraph 1
Now UpDateGrabbedEdge...
 I out graph json   frame Num = 873
 characters in UpdateGrapEdges = 1
I am at UpdateGrah in EnvironmentGraph 1
Now UpDateGrabbedEdge...
 I out graph json   frame Num = 874
 characters in UpdateGrapEdges = 1
I am at UpdateGrah in EnvironmentGraph 1
Now UpDateGrabbedEdge...
 I out graph json   frame Num = 875
 characters in UpdateGrapEdges = 1
I am at UpdateGrah in EnvironmentGraph 1
Now UpDateGrabbedEdge...
 I out graph json   frame Num = 876
 characters in UpdateGrapEdges = 1
I am at UpdateGrah in EnvironmentGraph 1
Now UpDateGrabbedEdge...
 I out graph json   frame Num = 877
 characters in UpdateGrapEdges = 1
I am at UpdateGrah in EnvironmentGraph 1
Now UpDateGrabbedEdge...
 I out graph json   frame Num = 878
 characters in UpdateGrapEdges = 1
I am at UpdateGrah in EnvironmentGraph 1
Now UpDateGrabbedEdge...
 I out graph json   frame Num = 879
 characters in UpdateGrapEdges = 1
I am at UpdateGrah in EnvironmentGraph 1
Now UpDateGrabbedEdge...
 I out graph json   frame Num = 880
 characters in UpdateGrapEdges = 1
I am at UpdateGrah in EnvironmentGraph 1
Now UpDateGrabbedEdge...
 I out graph json   frame Num = 881
 characters in UpdateGrapEdges = 1
I am at UpdateGrah in EnvironmentGraph 1
Now UpDateGrabbedEdge...
 I out graph json   frame Num = 882
 characters in UpdateGrapEdges = 1
I am at UpdateGrah in EnvironmentGraph 1
Now UpDateGrabbedEdge...
 I out graph json   frame Num = 883
 characters in UpdateGrapEdges = 1
I am at UpdateGrah in EnvironmentGraph 1
Now UpDateGrabbedEdge...
 I out graph json   frame Num = 884
 characters in UpdateGrapEdges = 1
I am at UpdateGrah in EnvironmentGraph 1
Now UpDateGrabbedEdge...
 I out graph json   frame Num = 885
 characters in UpdateGrapEdges = 1
I am at UpdateGrah in EnvironmentGraph 1
Now UpDateGrabbedEdge...
 I out graph json   frame Num = 886
 characters in UpdateGrapEdges = 1
I am at UpdateGrah in EnvironmentGraph 1
Now UpDateGrabbedEdge...
 I out graph json   frame Num = 887
 characters in UpdateGrapEdges = 1
I am at UpdateGrah in EnvironmentGraph 1
Now UpDateGrabbedEdge...
 I out graph json   frame Num = 888
 characters in UpdateGrapEdges = 1
I am at UpdateGrah in EnvironmentGraph 1
Now UpDateGrabbedEdge...
 I out graph json   frame Num = 889
 characters in UpdateGrapEdges = 1
I am at UpdateGrah in EnvironmentGraph 1
Now UpDateGrabbedEdge...
 I out graph json   frame Num = 890
 characters in UpdateGrapEdges = 1
I am at UpdateGrah in EnvironmentGraph 1
Now UpDateGrabbedEdge...
 I out graph json   frame Num = 891
 characters in UpdateGrapEdges = 1
I am at UpdateGrah in EnvironmentGraph 1
Now UpDateGrabbedEdge...
 I out graph json   frame Num = 892
 characters in UpdateGrapEdges = 1
I am at UpdateGrah in EnvironmentGraph 1
Now UpDateGrabbedEdge...
 I out graph json   frame Num = 893
 characters in UpdateGrapEdges = 1
I am at UpdateGrah in EnvironmentGraph 1
Now UpDateGrabbedEdge...
 I out graph json   frame Num = 894
 characters in UpdateGrapEdges = 1
I am at UpdateGrah in EnvironmentGraph 1
Now UpDateGrabbedEdge...
 I out graph json   frame Num = 895
 characters in UpdateGrapEdges = 1
I am at UpdateGrah in EnvironmentGraph 1
Now UpDateGrabbedEdge...
 I out graph json   frame Num = 896
 characters in UpdateGrapEdges = 1
I am at UpdateGrah in EnvironmentGraph 1
Now UpDateGrabbedEdge...
 I out graph json   frame Num = 897
 characters in UpdateGrapEdges = 1
I am at UpdateGrah in EnvironmentGraph 1
Now UpDateGrabbedEdge...
 I out graph json   frame Num = 898
 characters in UpdateGrapEdges = 1
I am at UpdateGrah in EnvironmentGraph 1
Now UpDateGrabbedEdge...
 I out graph json   frame Num = 899
 characters in UpdateGrapEdges = 1
I am at UpdateGrah in EnvironmentGraph 1
Now UpDateGrabbedEdge...
 I out graph json   frame Num = 900
 characters in UpdateGrapEdges = 1
I am at UpdateGrah in EnvironmentGraph 1
Now UpDateGrabbedEdge...
 I out graph json   frame Num = 901
 characters in UpdateGrapEdges = 1
I am at UpdateGrah in EnvironmentGraph 1
Now UpDateGrabbedEdge...
 I out graph json   frame Num = 902
 characters in UpdateGrapEdges = 1
I am at UpdateGrah in EnvironmentGraph 1
Now UpDateGrabbedEdge...
 I out graph json   frame Num = 903
 characters in UpdateGrapEdges = 1
I am at UpdateGrah in EnvironmentGraph 1
Now UpDateGrabbedEdge...
 I out graph json   frame Num = 904
 characters in UpdateGrapEdges = 1
I am at UpdateGrah in EnvironmentGraph 1
Now UpDateGrabbedEdge...
 I out graph json   frame Num = 905
 characters in UpdateGrapEdges = 1
I am at UpdateGrah in EnvironmentGraph 1
Now UpDateGrabbedEdge...
 I out graph json   frame Num = 906
 characters in UpdateGrapEdges = 1
I am at UpdateGrah in EnvironmentGraph 1
Now UpDateGrabbedEdge...
 I out graph json   frame Num = 907
 characters in UpdateGrapEdges = 1
I am at UpdateGrah in EnvironmentGraph 1
Now UpDateGrabbedEdge...
 I out graph json   frame Num = 908
 characters in UpdateGrapEdges = 1
I am at UpdateGrah in EnvironmentGraph 1
Now UpDateGrabbedEdge...
 I out graph json   frame Num = 909
 characters in UpdateGrapEdges = 1
I am at UpdateGrah in EnvironmentGraph 1
Now UpDateGrabbedEdge...
 I out graph json   frame Num = 910
 characters in UpdateGrapEdges = 1
I am at UpdateGrah in EnvironmentGraph 1
Now UpDateGrabbedEdge...
 I out graph json   frame Num = 911
 characters in UpdateGrapEdges = 1
I am at UpdateGrah in EnvironmentGraph 1
Now UpDateGrabbedEdge...
 I out graph json   frame Num = 912
 characters in UpdateGrapEdges = 1
I am at UpdateGrah in EnvironmentGraph 1
Now UpDateGrabbedEdge...
 I out graph json   frame Num = 913
 characters in UpdateGrapEdges = 1
I am at UpdateGrah in EnvironmentGraph 1
Now UpDateGrabbedEdge...
 I out graph json   frame Num = 914
 characters in UpdateGrapEdges = 1
I am at UpdateGrah in EnvironmentGraph 1
Now UpDateGrabbedEdge...
 I out graph json   frame Num = 915
 characters in UpdateGrapEdges = 1
I am at UpdateGrah in EnvironmentGraph 1
Now UpDateGrabbedEdge...
 I out graph json   frame Num = 916
 characters in UpdateGrapEdges = 1
I am at UpdateGrah in EnvironmentGraph 1
Now UpDateGrabbedEdge...
 I out graph json   frame Num = 917
 characters in UpdateGrapEdges = 1
I am at UpdateGrah in EnvironmentGraph 1
Now UpDateGrabbedEdge...
 I out graph json   frame Num = 918
 characters in UpdateGrapEdges = 1
I am at UpdateGrah in EnvironmentGraph 1
Now UpDateGrabbedEdge...
 I out graph json   frame Num = 919
 characters in UpdateGrapEdges = 1
I am at UpdateGrah in EnvironmentGraph 1
Now UpDateGrabbedEdge...
 I out graph json   frame Num = 920
 characters in UpdateGrapEdges = 1
I am at UpdateGrah in EnvironmentGraph 1
Now UpDateGrabbedEdge...
 I out graph json   frame Num = 921
 characters in UpdateGrapEdges = 1
I am at UpdateGrah in EnvironmentGraph 1
Now UpDateGrabbedEdge...
 I out graph json   frame Num = 922
 characters in UpdateGrapEdges = 1
I am at UpdateGrah in EnvironmentGraph 1
Now UpDateGrabbedEdge...
 I out graph json   frame Num = 923
 characters in UpdateGrapEdges = 1
I am at UpdateGrah in EnvironmentGraph 1
Now UpDateGrabbedEdge...
 I out graph json   frame Num = 924
 characters in UpdateGrapEdges = 1
I am at UpdateGrah in EnvironmentGraph 1
Now UpDateGrabbedEdge...
 I out graph json   frame Num = 925
 characters in UpdateGrapEdges = 1
I am at UpdateGrah in EnvironmentGraph 1
Now UpDateGrabbedEdge...
 I out graph json   frame Num = 926
 characters in UpdateGrapEdges = 1
I am at UpdateGrah in EnvironmentGraph 1
Now UpDateGrabbedEdge...
 I out graph json   frame Num = 927
 characters in UpdateGrapEdges = 1
I am at UpdateGrah in EnvironmentGraph 1
Now UpDateGrabbedEdge...
 I out graph json   frame Num = 928
 characters in UpdateGrapEdges = 1
I am at UpdateGrah in EnvironmentGraph 1
Now UpDateGrabbedEdge...
 I out graph json   frame Num = 929
 characters in UpdateGrapEdges = 1
I am at UpdateGrah in EnvironmentGraph 1
Now UpDateGrabbedEdge...
 I out graph json   frame Num = 930
 characters in UpdateGrapEdges = 1
I am at UpdateGrah in EnvironmentGraph 1
Now UpDateGrabbedEdge...
 I out graph json   frame Num = 931
 characters in UpdateGrapEdges = 1
I am at UpdateGrah in EnvironmentGraph 1
Now UpDateGrabbedEdge...
 I out graph json   frame Num = 932
 characters in UpdateGrapEdges = 1
I am at UpdateGrah in EnvironmentGraph 1
Now UpDateGrabbedEdge...
 I out graph json   frame Num = 933
 characters in UpdateGrapEdges = 1
I am at UpdateGrah in EnvironmentGraph 1
Now UpDateGrabbedEdge...
 I out graph json   frame Num = 934
 characters in UpdateGrapEdges = 1
I am at UpdateGrah in EnvironmentGraph 1
Now UpDateGrabbedEdge...
 I out graph json   frame Num = 935
 characters in UpdateGrapEdges = 1
I am at UpdateGrah in EnvironmentGraph 1
Now UpDateGrabbedEdge...
 I out graph json   frame Num = 936
 characters in UpdateGrapEdges = 1
I am at UpdateGrah in EnvironmentGraph 1
Now UpDateGrabbedEdge...
 I out graph json   frame Num = 937
 characters in UpdateGrapEdges = 1
I am at UpdateGrah in EnvironmentGraph 1
Now UpDateGrabbedEdge...
 I out graph json   frame Num = 938
 characters in UpdateGrapEdges = 1
I am at UpdateGrah in EnvironmentGraph 1
Now UpDateGrabbedEdge...
 I out graph json   frame Num = 939
 characters in UpdateGrapEdges = 1
I am at UpdateGrah in EnvironmentGraph 1
Now UpDateGrabbedEdge...
 I out graph json   frame Num = 940
 characters in UpdateGrapEdges = 1
I am at UpdateGrah in EnvironmentGraph 1
Now UpDateGrabbedEdge...
 I out graph json   frame Num = 941
 characters in UpdateGrapEdges = 1
I am at UpdateGrah in EnvironmentGraph 1
Now UpDateGrabbedEdge...
 I out graph json   frame Num = 942
 characters in UpdateGrapEdges = 1
I am at UpdateGrah in EnvironmentGraph 1
Now UpDateGrabbedEdge...
 I out graph json   frame Num = 943
 characters in UpdateGrapEdges = 1
I am at UpdateGrah in EnvironmentGraph 1
Now UpDateGrabbedEdge...
 I out graph json   frame Num = 944
 characters in UpdateGrapEdges = 1
I am at UpdateGrah in EnvironmentGraph 1
Now UpDateGrabbedEdge...
 I out graph json   frame Num = 945
 characters in UpdateGrapEdges = 1
I am at UpdateGrah in EnvironmentGraph 1
Now UpDateGrabbedEdge...
 I out graph json   frame Num = 946
 characters in UpdateGrapEdges = 1
I am at UpdateGrah in EnvironmentGraph 1
Now UpDateGrabbedEdge...
 I out graph json   frame Num = 947
 characters in UpdateGrapEdges = 1
I am at UpdateGrah in EnvironmentGraph 1
Now UpDateGrabbedEdge...
 I out graph json   frame Num = 948
 characters in UpdateGrapEdges = 1
I am at UpdateGrah in EnvironmentGraph 1
Now UpDateGrabbedEdge...
 I out graph json   frame Num = 949
 characters in UpdateGrapEdges = 1
I am at UpdateGrah in EnvironmentGraph 1
Now UpDateGrabbedEdge...
 I out graph json   frame Num = 950
 characters in UpdateGrapEdges = 1
I am at UpdateGrah in EnvironmentGraph 1
Now UpDateGrabbedEdge...
 I out graph json   frame Num = 951
 characters in UpdateGrapEdges = 1
I am at UpdateGrah in EnvironmentGraph 1
Now UpDateGrabbedEdge...
 I out graph json   frame Num = 952
 characters in UpdateGrapEdges = 1
I am at UpdateGrah in EnvironmentGraph 1
Now UpDateGrabbedEdge...
 I out graph json   frame Num = 953
 characters in UpdateGrapEdges = 1
I am at UpdateGrah in EnvironmentGraph 1
Now UpDateGrabbedEdge...
 I out graph json   frame Num = 954
 characters in UpdateGrapEdges = 1
I am at UpdateGrah in EnvironmentGraph 1
Now UpDateGrabbedEdge...
 I out graph json   frame Num = 955
 characters in UpdateGrapEdges = 1
I am at UpdateGrah in EnvironmentGraph 1
Now UpDateGrabbedEdge...
 I out graph json   frame Num = 956
 characters in UpdateGrapEdges = 1
I am at UpdateGrah in EnvironmentGraph 1
Now UpDateGrabbedEdge...
 I out graph json   frame Num = 957
 characters in UpdateGrapEdges = 1
I am at UpdateGrah in EnvironmentGraph 1
Now UpDateGrabbedEdge...
 I out graph json   frame Num = 958
 characters in UpdateGrapEdges = 1
I am at UpdateGrah in EnvironmentGraph 1
Now UpDateGrabbedEdge...
 I out graph json   frame Num = 959
 characters in UpdateGrapEdges = 1
I am at UpdateGrah in EnvironmentGraph 1
Now UpDateGrabbedEdge...
 I out graph json   frame Num = 960
 characters in UpdateGrapEdges = 1
I am at UpdateGrah in EnvironmentGraph 1
Now UpDateGrabbedEdge...
 I out graph json   frame Num = 961
 characters in UpdateGrapEdges = 1
I am at UpdateGrah in EnvironmentGraph 1
Now UpDateGrabbedEdge...
 I out graph json   frame Num = 962
 characters in UpdateGrapEdges = 1
I am at UpdateGrah in EnvironmentGraph 1
Now UpDateGrabbedEdge...
 I out graph json   frame Num = 963
 characters in UpdateGrapEdges = 1
I am at UpdateGrah in EnvironmentGraph 1
Now UpDateGrabbedEdge...
 I out graph json   frame Num = 964
 characters in UpdateGrapEdges = 1
I am at UpdateGrah in EnvironmentGraph 1
Now UpDateGrabbedEdge...
 I out graph json   frame Num = 965
 characters in UpdateGrapEdges = 1
I am at UpdateGrah in EnvironmentGraph 1
Now UpDateGrabbedEdge...
 I out graph json   frame Num = 966
 characters in UpdateGrapEdges = 1
I am at UpdateGrah in EnvironmentGraph 1
Now UpDateGrabbedEdge...
 I out graph json   frame Num = 967
 characters in UpdateGrapEdges = 1
I am at UpdateGrah in EnvironmentGraph 1
Now UpDateGrabbedEdge...
 I out graph json   frame Num = 968
 characters in UpdateGrapEdges = 1
I am at UpdateGrah in EnvironmentGraph 1
Now UpDateGrabbedEdge...
 I out graph json   frame Num = 969
 characters in UpdateGrapEdges = 1
I am at UpdateGrah in EnvironmentGraph 1
Now UpDateGrabbedEdge...
 I out graph json   frame Num = 970
 characters in UpdateGrapEdges = 1
I am at UpdateGrah in EnvironmentGraph 1
Now UpDateGrabbedEdge...
 I out graph json   frame Num = 971
 characters in UpdateGrapEdges = 1
I am at UpdateGrah in EnvironmentGraph 1
Now UpDateGrabbedEdge...
 I out graph json   frame Num = 972
 characters in UpdateGrapEdges = 1
I am at UpdateGrah in EnvironmentGraph 1
Now UpDateGrabbedEdge...
 I out graph json   frame Num = 973
 characters in UpdateGrapEdges = 1
I am at UpdateGrah in EnvironmentGraph 1
Now UpDateGrabbedEdge...
 I out graph json   frame Num = 974
 characters in UpdateGrapEdges = 1
I am at UpdateGrah in EnvironmentGraph 1
Now UpDateGrabbedEdge...
 I out graph json   frame Num = 975
 characters in UpdateGrapEdges = 1
I am at UpdateGrah in EnvironmentGraph 1
Now UpDateGrabbedEdge...
 I out graph json   frame Num = 976
 characters in UpdateGrapEdges = 1
I am at UpdateGrah in EnvironmentGraph 1
Now UpDateGrabbedEdge...
 I out graph json   frame Num = 977
 characters in UpdateGrapEdges = 1
I am at UpdateGrah in EnvironmentGraph 1
Now UpDateGrabbedEdge...
 I out graph json   frame Num = 978
 characters in UpdateGrapEdges = 1
I am at UpdateGrah in EnvironmentGraph 1
Now UpDateGrabbedEdge...
 I out graph json   frame Num = 979
 characters in UpdateGrapEdges = 1
I am at UpdateGrah in EnvironmentGraph 1
Now UpDateGrabbedEdge...
 I out graph json   frame Num = 980
 characters in UpdateGrapEdges = 1
I am at UpdateGrah in EnvironmentGraph 1
Now UpDateGrabbedEdge...
 I out graph json   frame Num = 981
 characters in UpdateGrapEdges = 1
I am at UpdateGrah in EnvironmentGraph 1
Now UpDateGrabbedEdge...
 I out graph json   frame Num = 982
 characters in UpdateGrapEdges = 1
I am at UpdateGrah in EnvironmentGraph 1
Now UpDateGrabbedEdge...
 I out graph json   frame Num = 983
 characters in UpdateGrapEdges = 1
I am at UpdateGrah in EnvironmentGraph 1
Now UpDateGrabbedEdge...
 I out graph json   frame Num = 984
 characters in UpdateGrapEdges = 1
I am at UpdateGrah in EnvironmentGraph 1
Now UpDateGrabbedEdge...
 I out graph json   frame Num = 985
 characters in UpdateGrapEdges = 1
I am at UpdateGrah in EnvironmentGraph 1
Now UpDateGrabbedEdge...
 I out graph json   frame Num = 986
 characters in UpdateGrapEdges = 1
I am at UpdateGrah in EnvironmentGraph 1
Now UpDateGrabbedEdge...
 I out graph json   frame Num = 987
 characters in UpdateGrapEdges = 1
I am at UpdateGrah in EnvironmentGraph 1
Now UpDateGrabbedEdge...
 I out graph json   frame Num = 988
 characters in UpdateGrapEdges = 1
I am at UpdateGrah in EnvironmentGraph 1
Now UpDateGrabbedEdge...
 I out graph json   frame Num = 989
 characters in UpdateGrapEdges = 1
I am at UpdateGrah in EnvironmentGraph 1
Now UpDateGrabbedEdge...
 I out graph json   frame Num = 990
 characters in UpdateGrapEdges = 1
I am at UpdateGrah in EnvironmentGraph 1
Now UpDateGrabbedEdge...
 I out graph json   frame Num = 991
 characters in UpdateGrapEdges = 1
I am at UpdateGrah in EnvironmentGraph 1
Now UpDateGrabbedEdge...
 I out graph json   frame Num = 992
 characters in UpdateGrapEdges = 1
I am at UpdateGrah in EnvironmentGraph 1
Now UpDateGrabbedEdge...
 I out graph json   frame Num = 993
 characters in UpdateGrapEdges = 1
I am at UpdateGrah in EnvironmentGraph 1
Now UpDateGrabbedEdge...
 I out graph json   frame Num = 994
 characters in UpdateGrapEdges = 1
I am at UpdateGrah in EnvironmentGraph 1
Now UpDateGrabbedEdge...
 I out graph json   frame Num = 995
 characters in UpdateGrapEdges = 1
I am at UpdateGrah in EnvironmentGraph 1
Now UpDateGrabbedEdge...
 I out graph json   frame Num = 996
 characters in UpdateGrapEdges = 1
I am at UpdateGrah in EnvironmentGraph 1
Now UpDateGrabbedEdge...
 I out graph json   frame Num = 997
 characters in UpdateGrapEdges = 1
I am at UpdateGrah in EnvironmentGraph 1
Now UpDateGrabbedEdge...
 I out graph json   frame Num = 998
 characters in UpdateGrapEdges = 1
I am at UpdateGrah in EnvironmentGraph 1
Now UpDateGrabbedEdge...
 I out graph json   frame Num = 999
 characters in UpdateGrapEdges = 1
I am at UpdateGrah in EnvironmentGraph 1
Now UpDateGrabbedEdge...
 I out graph json   frame Num = 1000
 characters in UpdateGrapEdges = 1
I am at UpdateGrah in EnvironmentGraph 1
Now UpDateGrabbedEdge...
 I out graph json   frame Num = 1001
 characters in UpdateGrapEdges = 1
I am at UpdateGrah in EnvironmentGraph 1
Now UpDateGrabbedEdge...
 I out graph json   frame Num = 1002
 characters in UpdateGrapEdges = 1
I am at UpdateGrah in EnvironmentGraph 1
Now UpDateGrabbedEdge...
 I out graph json   frame Num = 1003
 characters in UpdateGrapEdges = 1
I am at UpdateGrah in EnvironmentGraph 1
Now UpDateGrabbedEdge...
 I out graph json   frame Num = 1004
 characters in UpdateGrapEdges = 1
I am at UpdateGrah in EnvironmentGraph 1
Now UpDateGrabbedEdge...
 I out graph json   frame Num = 1005
 characters in UpdateGrapEdges = 1
I am at UpdateGrah in EnvironmentGraph 1
Now UpDateGrabbedEdge...
 I out graph json   frame Num = 1006
 characters in UpdateGrapEdges = 1
I am at UpdateGrah in EnvironmentGraph 1
Now UpDateGrabbedEdge...
 I out graph json   frame Num = 1007
 characters in UpdateGrapEdges = 1
I am at UpdateGrah in EnvironmentGraph 1
Now UpDateGrabbedEdge...
 I out graph json   frame Num = 1008
 characters in UpdateGrapEdges = 1
I am at UpdateGrah in EnvironmentGraph 1
Now UpDateGrabbedEdge...
 I out graph json   frame Num = 1009
 characters in UpdateGrapEdges = 1
I am at UpdateGrah in EnvironmentGraph 1
Now UpDateGrabbedEdge...
 I out graph json   frame Num = 1010
 characters in UpdateGrapEdges = 1
I am at UpdateGrah in EnvironmentGraph 1
Now UpDateGrabbedEdge...
 I out graph json   frame Num = 1011
 characters in UpdateGrapEdges = 1
I am at UpdateGrah in EnvironmentGraph 1
Now UpDateGrabbedEdge...
 I out graph json   frame Num = 1012
 characters in UpdateGrapEdges = 1
I am at UpdateGrah in EnvironmentGraph 1
Now UpDateGrabbedEdge...
 I out graph json   frame Num = 1013
 characters in UpdateGrapEdges = 1
I am at UpdateGrah in EnvironmentGraph 1
Now UpDateGrabbedEdge...
 I out graph json   frame Num = 1014
 characters in UpdateGrapEdges = 1
I am at UpdateGrah in EnvironmentGraph 1
Now UpDateGrabbedEdge...
 I out graph json   frame Num = 1015
 characters in UpdateGrapEdges = 1
I am at UpdateGrah in EnvironmentGraph 1
Now UpDateGrabbedEdge...
 I out graph json   frame Num = 1016
 characters in UpdateGrapEdges = 1
I am at UpdateGrah in EnvironmentGraph 1
Now UpDateGrabbedEdge...
 I out graph json   frame Num = 1017
 characters in UpdateGrapEdges = 1
I am at UpdateGrah in EnvironmentGraph 1
Now UpDateGrabbedEdge...
 I out graph json   frame Num = 1018
 characters in UpdateGrapEdges = 1
I am at UpdateGrah in EnvironmentGraph 1
Now UpDateGrabbedEdge...
 I out graph json   frame Num = 1019
 characters in UpdateGrapEdges = 1
I am at UpdateGrah in EnvironmentGraph 1
Now UpDateGrabbedEdge...
 I out graph json   frame Num = 1020
 characters in UpdateGrapEdges = 1
I am at UpdateGrah in EnvironmentGraph 1
Now UpDateGrabbedEdge...
 I out graph json   frame Num = 1021
 characters in UpdateGrapEdges = 1
I am at UpdateGrah in EnvironmentGraph 1
Now UpDateGrabbedEdge...
 I out graph json   frame Num = 1022
 characters in UpdateGrapEdges = 1
I am at UpdateGrah in EnvironmentGraph 1
Now UpDateGrabbedEdge...
 I out graph json   frame Num = 1023
 characters in UpdateGrapEdges = 1
I am at UpdateGrah in EnvironmentGraph 1
Now UpDateGrabbedEdge...
 I out graph json   frame Num = 1024
 characters in UpdateGrapEdges = 1
I am at UpdateGrah in EnvironmentGraph 1
Now UpDateGrabbedEdge...
 I out graph json   frame Num = 1025
 characters in UpdateGrapEdges = 1
I am at UpdateGrah in EnvironmentGraph 1
Now UpDateGrabbedEdge...
 I out graph json   frame Num = 1026
 characters in UpdateGrapEdges = 1
I am at UpdateGrah in EnvironmentGraph 1
Now UpDateGrabbedEdge...
 I out graph json   frame Num = 1027
 characters in UpdateGrapEdges = 1
I am at UpdateGrah in EnvironmentGraph 1
Now UpDateGrabbedEdge...
 I out graph json   frame Num = 1028
 characters in UpdateGrapEdges = 1
I am at UpdateGrah in EnvironmentGraph 1
Now UpDateGrabbedEdge...
 I out graph json   frame Num = 1029
 characters in UpdateGrapEdges = 1
I am at UpdateGrah in EnvironmentGraph 1
Now UpDateGrabbedEdge...
 I out graph json   frame Num = 1030
 characters in UpdateGrapEdges = 1
I am at UpdateGrah in EnvironmentGraph 1
Now UpDateGrabbedEdge...
 I out graph json   frame Num = 1031
 characters in UpdateGrapEdges = 1
I am at UpdateGrah in EnvironmentGraph 1
Now UpDateGrabbedEdge...
 I out graph json   frame Num = 1032
 characters in UpdateGrapEdges = 1
I am at UpdateGrah in EnvironmentGraph 1
Now UpDateGrabbedEdge...
 I out graph json   frame Num = 1033
 characters in UpdateGrapEdges = 1
I am at UpdateGrah in EnvironmentGraph 1
Now UpDateGrabbedEdge...
 I out graph json   frame Num = 1034
 characters in UpdateGrapEdges = 1
I am at UpdateGrah in EnvironmentGraph 1
Now UpDateGrabbedEdge...
 I out graph json   frame Num = 1035
 characters in UpdateGrapEdges = 1
I am at UpdateGrah in EnvironmentGraph 1
Now UpDateGrabbedEdge...
 I out graph json   frame Num = 1036
 characters in UpdateGrapEdges = 1
I am at UpdateGrah in EnvironmentGraph 1
Now UpDateGrabbedEdge...
 I out graph json   frame Num = 1037
 characters in UpdateGrapEdges = 1
I am at UpdateGrah in EnvironmentGraph 1
Now UpDateGrabbedEdge...
 I out graph json   frame Num = 1038
 characters in UpdateGrapEdges = 1
I am at UpdateGrah in EnvironmentGraph 1
Now UpDateGrabbedEdge...
 I out graph json   frame Num = 1039
 characters in UpdateGrapEdges = 1
I am at UpdateGrah in EnvironmentGraph 1
Now UpDateGrabbedEdge...
 I out graph json   frame Num = 1040
 characters in UpdateGrapEdges = 1
I am at UpdateGrah in EnvironmentGraph 1
Now UpDateGrabbedEdge...
 I out graph json   frame Num = 1041
 characters in UpdateGrapEdges = 1
I am at UpdateGrah in EnvironmentGraph 1
Now UpDateGrabbedEdge...
 I out graph json   frame Num = 1042
 characters in UpdateGrapEdges = 1
I am at UpdateGrah in EnvironmentGraph 1
Now UpDateGrabbedEdge...
 I out graph json   frame Num = 1043
 characters in UpdateGrapEdges = 1
I am at UpdateGrah in EnvironmentGraph 1
Now UpDateGrabbedEdge...
 I out graph json   frame Num = 1044
 characters in UpdateGrapEdges = 1
I am at UpdateGrah in EnvironmentGraph 1
Now UpDateGrabbedEdge...
 I out graph json   frame Num = 1045
 characters in UpdateGrapEdges = 1
I am at UpdateGrah in EnvironmentGraph 1
Now UpDateGrabbedEdge...
 I out graph json   frame Num = 1046
 characters in UpdateGrapEdges = 1
I am at UpdateGrah in EnvironmentGraph 1
Now UpDateGrabbedEdge...
 I out graph json   frame Num = 1047
 characters in UpdateGrapEdges = 1
I am at UpdateGrah in EnvironmentGraph 1
Now UpDateGrabbedEdge...
 I out graph json   frame Num = 1048
 characters in UpdateGrapEdges = 1
I am at UpdateGrah in EnvironmentGraph 1
Now UpDateGrabbedEdge...
 I out graph json   frame Num = 1049
 characters in UpdateGrapEdges = 1
I am at UpdateGrah in EnvironmentGraph 1
Now UpDateGrabbedEdge...
 I out graph json   frame Num = 1050
 characters in UpdateGrapEdges = 1
I am at UpdateGrah in EnvironmentGraph 1
Now UpDateGrabbedEdge...
 I out graph json   frame Num = 1051
 characters in UpdateGrapEdges = 1
I am at UpdateGrah in EnvironmentGraph 1
Now UpDateGrabbedEdge...
 I out graph json   frame Num = 1052
 characters in UpdateGrapEdges = 1
I am at UpdateGrah in EnvironmentGraph 1
Now UpDateGrabbedEdge...
 I out graph json   frame Num = 1053
 characters in UpdateGrapEdges = 1
I am at UpdateGrah in EnvironmentGraph 1
Now UpDateGrabbedEdge...
 I out graph json   frame Num = 1054
 characters in UpdateGrapEdges = 1
I am at UpdateGrah in EnvironmentGraph 1
Now UpDateGrabbedEdge...
 I out graph json   frame Num = 1055
 characters in UpdateGrapEdges = 1
I am at UpdateGrah in EnvironmentGraph 1
Now UpDateGrabbedEdge...
 I out graph json   frame Num = 1056
 characters in UpdateGrapEdges = 1
I am at UpdateGrah in EnvironmentGraph 1
Now UpDateGrabbedEdge...
 I out graph json   frame Num = 1057
 characters in UpdateGrapEdges = 1
I am at UpdateGrah in EnvironmentGraph 1
Now UpDateGrabbedEdge...
 I out graph json   frame Num = 1058
 characters in UpdateGrapEdges = 1
I am at UpdateGrah in EnvironmentGraph 1
Now UpDateGrabbedEdge...
 I out graph json   frame Num = 1059
 characters in UpdateGrapEdges = 1
I am at UpdateGrah in EnvironmentGraph 1
Now UpDateGrabbedEdge...
 I out graph json   frame Num = 1060
 characters in UpdateGrapEdges = 1
I am at UpdateGrah in EnvironmentGraph 1
Now UpDateGrabbedEdge...
 I out graph json   frame Num = 1061
 characters in UpdateGrapEdges = 1
I am at UpdateGrah in EnvironmentGraph 1
Now UpDateGrabbedEdge...
 I out graph json   frame Num = 1062
 characters in UpdateGrapEdges = 1
I am at UpdateGrah in EnvironmentGraph 1
Now UpDateGrabbedEdge...
 I out graph json   frame Num = 1063
 characters in UpdateGrapEdges = 1
I am at UpdateGrah in EnvironmentGraph 1
Now UpDateGrabbedEdge...
 I out graph json   frame Num = 1064
 characters in UpdateGrapEdges = 1
I am at UpdateGrah in EnvironmentGraph 1
Now UpDateGrabbedEdge...
 I out graph json   frame Num = 1065
 characters in UpdateGrapEdges = 1
I am at UpdateGrah in EnvironmentGraph 1
Now UpDateGrabbedEdge...
 I out graph json   frame Num = 1066
 characters in UpdateGrapEdges = 1
I am at UpdateGrah in EnvironmentGraph 1
Now UpDateGrabbedEdge...
 I out graph json   frame Num = 1067
 characters in UpdateGrapEdges = 1
I am at UpdateGrah in EnvironmentGraph 1
Now UpDateGrabbedEdge...
 I out graph json   frame Num = 1068
 characters in UpdateGrapEdges = 1
I am at UpdateGrah in EnvironmentGraph 1
Now UpDateGrabbedEdge...
 I out graph json   frame Num = 1069
 characters in UpdateGrapEdges = 1
I am at UpdateGrah in EnvironmentGraph 1
Now UpDateGrabbedEdge...
 I out graph json   frame Num = 1070
 characters in UpdateGrapEdges = 1
I am at UpdateGrah in EnvironmentGraph 1
Now UpDateGrabbedEdge...
 I out graph json   frame Num = 1071
 characters in UpdateGrapEdges = 1
I am at UpdateGrah in EnvironmentGraph 1
Now UpDateGrabbedEdge...
 I out graph json   frame Num = 1072
 characters in UpdateGrapEdges = 1
I am at UpdateGrah in EnvironmentGraph 1
Now UpDateGrabbedEdge...
 I out graph json   frame Num = 1073
 characters in UpdateGrapEdges = 1
I am at UpdateGrah in EnvironmentGraph 1
Now UpDateGrabbedEdge...
 I out graph json   frame Num = 1074
 characters in UpdateGrapEdges = 1
I am at UpdateGrah in EnvironmentGraph 1
Now UpDateGrabbedEdge...
 I out graph json   frame Num = 1075
 characters in UpdateGrapEdges = 1
I am at UpdateGrah in EnvironmentGraph 1
Now UpDateGrabbedEdge...
 I out graph json   frame Num = 1076
 characters in UpdateGrapEdges = 1
I am at UpdateGrah in EnvironmentGraph 1
Now UpDateGrabbedEdge...
 I out graph json   frame Num = 1077
 characters in UpdateGrapEdges = 1
I am at UpdateGrah in EnvironmentGraph 1
Now UpDateGrabbedEdge...
 I out graph json   frame Num = 1078
 characters in UpdateGrapEdges = 1
I am at UpdateGrah in EnvironmentGraph 1
Now UpDateGrabbedEdge...
 I out graph json   frame Num = 1079
 characters in UpdateGrapEdges = 1
I am at UpdateGrah in EnvironmentGraph 1
Now UpDateGrabbedEdge...
 I out graph json   frame Num = 1080
 characters in UpdateGrapEdges = 1
I am at UpdateGrah in EnvironmentGraph 1
Now UpDateGrabbedEdge...
 I out graph json   frame Num = 1081
 characters in UpdateGrapEdges = 1
I am at UpdateGrah in EnvironmentGraph 1
Now UpDateGrabbedEdge...
 I out graph json   frame Num = 1082
 characters in UpdateGrapEdges = 1
I am at UpdateGrah in EnvironmentGraph 1
Now UpDateGrabbedEdge...
 I out graph json   frame Num = 1083
 characters in UpdateGrapEdges = 1
I am at UpdateGrah in EnvironmentGraph 1
Now UpDateGrabbedEdge...
 I out graph json   frame Num = 1084
 characters in UpdateGrapEdges = 1
I am at UpdateGrah in EnvironmentGraph 1
Now UpDateGrabbedEdge...
 I out graph json   frame Num = 1085
 characters in UpdateGrapEdges = 1
I am at UpdateGrah in EnvironmentGraph 1
Now UpDateGrabbedEdge...
 I out graph json   frame Num = 1086
 characters in UpdateGrapEdges = 1
I am at UpdateGrah in EnvironmentGraph 1
Now UpDateGrabbedEdge...
 I out graph json   frame Num = 1087
 characters in UpdateGrapEdges = 1
I am at UpdateGrah in EnvironmentGraph 1
Now UpDateGrabbedEdge...
 I out graph json   frame Num = 1088
 characters in UpdateGrapEdges = 1
I am at UpdateGrah in EnvironmentGraph 1
Now UpDateGrabbedEdge...
 I out graph json   frame Num = 1089
 characters in UpdateGrapEdges = 1
I am at UpdateGrah in EnvironmentGraph 1
Now UpDateGrabbedEdge...
 I out graph json   frame Num = 1090
 characters in UpdateGrapEdges = 1
I am at UpdateGrah in EnvironmentGraph 1
Now UpDateGrabbedEdge...
 I out graph json   frame Num = 1091
 characters in UpdateGrapEdges = 1
I am at UpdateGrah in EnvironmentGraph 1
Now UpDateGrabbedEdge...
 I out graph json   frame Num = 1092
 characters in UpdateGrapEdges = 1
I am at UpdateGrah in EnvironmentGraph 1
Now UpDateGrabbedEdge...
 I out graph json   frame Num = 1093
 characters in UpdateGrapEdges = 1
I am at UpdateGrah in EnvironmentGraph 1
Now UpDateGrabbedEdge...
 I out graph json   frame Num = 1094
 characters in UpdateGrapEdges = 1
I am at UpdateGrah in EnvironmentGraph 1
Now UpDateGrabbedEdge...
 I out graph json   frame Num = 1095
 characters in UpdateGrapEdges = 1
I am at UpdateGrah in EnvironmentGraph 1
Now UpDateGrabbedEdge...
 I out graph json   frame Num = 1096
 characters in UpdateGrapEdges = 1
I am at UpdateGrah in EnvironmentGraph 1
Now UpDateGrabbedEdge...
 I out graph json   frame Num = 1097
 characters in UpdateGrapEdges = 1
I am at UpdateGrah in EnvironmentGraph 1
Now UpDateGrabbedEdge...
 I out graph json   frame Num = 1098
 characters in UpdateGrapEdges = 1
I am at UpdateGrah in EnvironmentGraph 1
Now UpDateGrabbedEdge...
 I out graph json   frame Num = 1099
 characters in UpdateGrapEdges = 1
I am at UpdateGrah in EnvironmentGraph 1
Now UpDateGrabbedEdge...
 I out graph json   frame Num = 1100
 characters in UpdateGrapEdges = 1
I am at UpdateGrah in EnvironmentGraph 1
Now UpDateGrabbedEdge...
 I out graph json   frame Num = 1101
 characters in UpdateGrapEdges = 1
I am at UpdateGrah in EnvironmentGraph 1
Now UpDateGrabbedEdge...
 I out graph json   frame Num = 1102
 characters in UpdateGrapEdges = 1
I am at UpdateGrah in EnvironmentGraph 1
Now UpDateGrabbedEdge...
 I out graph json   frame Num = 1103
 characters in UpdateGrapEdges = 1
I am at UpdateGrah in EnvironmentGraph 1
Now UpDateGrabbedEdge...
 I out graph json   frame Num = 1104
 characters in UpdateGrapEdges = 1
I am at UpdateGrah in EnvironmentGraph 1
Now UpDateGrabbedEdge...
 I out graph json   frame Num = 1105
 characters in UpdateGrapEdges = 1
I am at UpdateGrah in EnvironmentGraph 1
Now UpDateGrabbedEdge...
 I out graph json   frame Num = 1106
 characters in UpdateGrapEdges = 1
I am at UpdateGrah in EnvironmentGraph 1
Now UpDateGrabbedEdge...
 I out graph json   frame Num = 1107
 characters in UpdateGrapEdges = 1
I am at UpdateGrah in EnvironmentGraph 1
Now UpDateGrabbedEdge...
 I out graph json   frame Num = 1108
 characters in UpdateGrapEdges = 1
I am at UpdateGrah in EnvironmentGraph 1
Now UpDateGrabbedEdge...
 I out graph json   frame Num = 1109
 characters in UpdateGrapEdges = 1
I am at UpdateGrah in EnvironmentGraph 1
Now UpDateGrabbedEdge...
 I out graph json   frame Num = 1110
 characters in UpdateGrapEdges = 1
I am at UpdateGrah in EnvironmentGraph 1
Now UpDateGrabbedEdge...
 I out graph json   frame Num = 1111
 characters in UpdateGrapEdges = 1
I am at UpdateGrah in EnvironmentGraph 1
Now UpDateGrabbedEdge...
 I out graph json   frame Num = 1112
 characters in UpdateGrapEdges = 1
I am at UpdateGrah in EnvironmentGraph 1
Now UpDateGrabbedEdge...
 I out graph json   frame Num = 1113
 characters in UpdateGrapEdges = 1
I am at UpdateGrah in EnvironmentGraph 1
Now UpDateGrabbedEdge...
 I out graph json   frame Num = 1114
 characters in UpdateGrapEdges = 1
I am at UpdateGrah in EnvironmentGraph 1
Now UpDateGrabbedEdge...
 I out graph json   frame Num = 1115
 characters in UpdateGrapEdges = 1
I am at UpdateGrah in EnvironmentGraph 1
Now UpDateGrabbedEdge...
 I out graph json   frame Num = 1116
 characters in UpdateGrapEdges = 1
I am at UpdateGrah in EnvironmentGraph 1
Now UpDateGrabbedEdge...
 I out graph json   frame Num = 1117
 characters in UpdateGrapEdges = 1
I am at UpdateGrah in EnvironmentGraph 1
Now UpDateGrabbedEdge...
 I out graph json   frame Num = 1118
 characters in UpdateGrapEdges = 1
I am at UpdateGrah in EnvironmentGraph 1
Now UpDateGrabbedEdge...
 I out graph json   frame Num = 1119
 characters in UpdateGrapEdges = 1
I am at UpdateGrah in EnvironmentGraph 1
Now UpDateGrabbedEdge...
 I out graph json   frame Num = 1120
 characters in UpdateGrapEdges = 1
I am at UpdateGrah in EnvironmentGraph 1
Now UpDateGrabbedEdge...
 I out graph json   frame Num = 1121
 characters in UpdateGrapEdges = 1
I am at UpdateGrah in EnvironmentGraph 1
Now UpDateGrabbedEdge...
 I out graph json   frame Num = 1122
 characters in UpdateGrapEdges = 1
I am at UpdateGrah in EnvironmentGraph 1
Now UpDateGrabbedEdge...
 I out graph json   frame Num = 1123
 characters in UpdateGrapEdges = 1
I am at UpdateGrah in EnvironmentGraph 1
Now UpDateGrabbedEdge...
 I out graph json   frame Num = 1124
 characters in UpdateGrapEdges = 1
I am at UpdateGrah in EnvironmentGraph 1
Now UpDateGrabbedEdge...
 I out graph json   frame Num = 1125
 characters in UpdateGrapEdges = 1
I am at UpdateGrah in EnvironmentGraph 1
Now UpDateGrabbedEdge...
 I out graph json   frame Num = 1126
 characters in UpdateGrapEdges = 1
I am at UpdateGrah in EnvironmentGraph 1
Now UpDateGrabbedEdge...
 I out graph json   frame Num = 1127
 characters in UpdateGrapEdges = 1
I am at UpdateGrah in EnvironmentGraph 1
Now UpDateGrabbedEdge...
 I out graph json   frame Num = 1128
 characters in UpdateGrapEdges = 1
I am at UpdateGrah in EnvironmentGraph 1
Now UpDateGrabbedEdge...
 I out graph json   frame Num = 1129
 characters in UpdateGrapEdges = 1
I am at UpdateGrah in EnvironmentGraph 1
Now UpDateGrabbedEdge...
 I out graph json   frame Num = 1130
 characters in UpdateGrapEdges = 1
I am at UpdateGrah in EnvironmentGraph 1
Now UpDateGrabbedEdge...
 I out graph json   frame Num = 1131
 characters in UpdateGrapEdges = 1
I am at UpdateGrah in EnvironmentGraph 1
Now UpDateGrabbedEdge...
 I out graph json   frame Num = 1132
 characters in UpdateGrapEdges = 1
I am at UpdateGrah in EnvironmentGraph 1
Now UpDateGrabbedEdge...
 I out graph json   frame Num = 1133
 characters in UpdateGrapEdges = 1
I am at UpdateGrah in EnvironmentGraph 1
Now UpDateGrabbedEdge...
 I out graph json   frame Num = 1134
 characters in UpdateGrapEdges = 1
I am at UpdateGrah in EnvironmentGraph 1
Now UpDateGrabbedEdge...
 I out graph json   frame Num = 1135
 characters in UpdateGrapEdges = 1
I am at UpdateGrah in EnvironmentGraph 1
Now UpDateGrabbedEdge...
 I out graph json   frame Num = 1136
 characters in UpdateGrapEdges = 1
I am at UpdateGrah in EnvironmentGraph 1
Now UpDateGrabbedEdge...
 I out graph json   frame Num = 1137
 characters in UpdateGrapEdges = 1
I am at UpdateGrah in EnvironmentGraph 1
Now UpDateGrabbedEdge...
 I out graph json   frame Num = 1138
 characters in UpdateGrapEdges = 1
I am at UpdateGrah in EnvironmentGraph 1
Now UpDateGrabbedEdge...
 I out graph json   frame Num = 1139
 characters in UpdateGrapEdges = 1
I am at UpdateGrah in EnvironmentGraph 1
Now UpDateGrabbedEdge...
 I out graph json   frame Num = 1140
 characters in UpdateGrapEdges = 1
I am at UpdateGrah in EnvironmentGraph 1
Now UpDateGrabbedEdge...
 I out graph json   frame Num = 1141
 characters in UpdateGrapEdges = 1
I am at UpdateGrah in EnvironmentGraph 1
Now UpDateGrabbedEdge...
 I out graph json   frame Num = 1142
 characters in UpdateGrapEdges = 1
I am at UpdateGrah in EnvironmentGraph 1
Now UpDateGrabbedEdge...
 I out graph json   frame Num = 1143
 characters in UpdateGrapEdges = 1
I am at UpdateGrah in EnvironmentGraph 1
Now UpDateGrabbedEdge...
 I out graph json   frame Num = 1144
 characters in UpdateGrapEdges = 1
I am at UpdateGrah in EnvironmentGraph 1
Now UpDateGrabbedEdge...
 I out graph json   frame Num = 1145
 characters in UpdateGrapEdges = 1
I am at UpdateGrah in EnvironmentGraph 1
Now UpDateGrabbedEdge...
 I out graph json   frame Num = 1146
 characters in UpdateGrapEdges = 1
I am at UpdateGrah in EnvironmentGraph 1
Now UpDateGrabbedEdge...
 I out graph json   frame Num = 1147
 characters in UpdateGrapEdges = 1
I am at UpdateGrah in EnvironmentGraph 1
Now UpDateGrabbedEdge...
 I out graph json   frame Num = 1148
 characters in UpdateGrapEdges = 1
I am at UpdateGrah in EnvironmentGraph 1
Now UpDateGrabbedEdge...
 I out graph json   frame Num = 1149
 characters in UpdateGrapEdges = 1
I am at UpdateGrah in EnvironmentGraph 1
Now UpDateGrabbedEdge...
 I out graph json   frame Num = 1150
 characters in UpdateGrapEdges = 1
I am at UpdateGrah in EnvironmentGraph 1
Now UpDateGrabbedEdge...
 I out graph json   frame Num = 1151
 characters in UpdateGrapEdges = 1
I am at UpdateGrah in EnvironmentGraph 1
Now UpDateGrabbedEdge...
 I out graph json   frame Num = 1152
 characters in UpdateGrapEdges = 1
I am at UpdateGrah in EnvironmentGraph 1
Now UpDateGrabbedEdge...
 I out graph json   frame Num = 1153
 characters in UpdateGrapEdges = 1
I am at UpdateGrah in EnvironmentGraph 1
Now UpDateGrabbedEdge...
 I out graph json   frame Num = 1154
 characters in UpdateGrapEdges = 1
I am at UpdateGrah in EnvironmentGraph 1
Now UpDateGrabbedEdge...
 I out graph json   frame Num = 1155
 characters in UpdateGrapEdges = 1
I am at UpdateGrah in EnvironmentGraph 1
Now UpDateGrabbedEdge...
 I out graph json   frame Num = 1156
 characters in UpdateGrapEdges = 1
I am at UpdateGrah in EnvironmentGraph 1
Now UpDateGrabbedEdge...
 I out graph json   frame Num = 1157
 characters in UpdateGrapEdges = 1
I am at UpdateGrah in EnvironmentGraph 1
Now UpDateGrabbedEdge...
 I out graph json   frame Num = 1158
 characters in UpdateGrapEdges = 1
I am at UpdateGrah in EnvironmentGraph 1
Now UpDateGrabbedEdge...
 I out graph json   frame Num = 1159
 characters in UpdateGrapEdges = 1
I am at UpdateGrah in EnvironmentGraph 1
Now UpDateGrabbedEdge...
 I out graph json   frame Num = 1160
 characters in UpdateGrapEdges = 1
I am at UpdateGrah in EnvironmentGraph 1
Now UpDateGrabbedEdge...
 I out graph json   frame Num = 1161
 characters in UpdateGrapEdges = 1
I am at UpdateGrah in EnvironmentGraph 1
Now UpDateGrabbedEdge...
 I out graph json   frame Num = 1162
 characters in UpdateGrapEdges = 1
I am at UpdateGrah in EnvironmentGraph 1
Now UpDateGrabbedEdge...
 I out graph json   frame Num = 1163
 characters in UpdateGrapEdges = 1
I am at UpdateGrah in EnvironmentGraph 1
Now UpDateGrabbedEdge...
 I out graph json   frame Num = 1164
 characters in UpdateGrapEdges = 1
I am at UpdateGrah in EnvironmentGraph 1
Now UpDateGrabbedEdge...
 I out graph json   frame Num = 1165
 characters in UpdateGrapEdges = 1
I am at UpdateGrah in EnvironmentGraph 1
Now UpDateGrabbedEdge...
 I out graph json   frame Num = 1166
 characters in UpdateGrapEdges = 1
I am at UpdateGrah in EnvironmentGraph 1
Now UpDateGrabbedEdge...
 I out graph json   frame Num = 1167
 characters in UpdateGrapEdges = 1
I am at UpdateGrah in EnvironmentGraph 1
Now UpDateGrabbedEdge...
 I out graph json   frame Num = 1168
 characters in UpdateGrapEdges = 1
I am at UpdateGrah in EnvironmentGraph 1
Now UpDateGrabbedEdge...
 I out graph json   frame Num = 1169
 characters in UpdateGrapEdges = 1
I am at UpdateGrah in EnvironmentGraph 1
Now UpDateGrabbedEdge...
 I out graph json   frame Num = 1170
 characters in UpdateGrapEdges = 1
I am at UpdateGrah in EnvironmentGraph 1
Now UpDateGrabbedEdge...
 I out graph json   frame Num = 1171
 characters in UpdateGrapEdges = 1
I am at UpdateGrah in EnvironmentGraph 1
Now UpDateGrabbedEdge...
 I out graph json   frame Num = 1172
 characters in UpdateGrapEdges = 1
I am at UpdateGrah in EnvironmentGraph 1
Now UpDateGrabbedEdge...
 I out graph json   frame Num = 1173
 characters in UpdateGrapEdges = 1
I am at UpdateGrah in EnvironmentGraph 1
Now UpDateGrabbedEdge...
 I out graph json   frame Num = 1174
 characters in UpdateGrapEdges = 1
I am at UpdateGrah in EnvironmentGraph 1
Now UpDateGrabbedEdge...
 I out graph json   frame Num = 1175
 characters in UpdateGrapEdges = 1
I am at UpdateGrah in EnvironmentGraph 1
Now UpDateGrabbedEdge...
 I out graph json   frame Num = 1176
 characters in UpdateGrapEdges = 1
I am at UpdateGrah in EnvironmentGraph 1
Now UpDateGrabbedEdge...
 I out graph json   frame Num = 1177
 characters in UpdateGrapEdges = 1
I am at UpdateGrah in EnvironmentGraph 1
Now UpDateGrabbedEdge...
 I out graph json   frame Num = 1178
 characters in UpdateGrapEdges = 1
I am at UpdateGrah in EnvironmentGraph 1
Now UpDateGrabbedEdge...
 I out graph json   frame Num = 1179
 characters in UpdateGrapEdges = 1
I am at UpdateGrah in EnvironmentGraph 1
Now UpDateGrabbedEdge...
 I out graph json   frame Num = 1180
 characters in UpdateGrapEdges = 1
I am at UpdateGrah in EnvironmentGraph 1
Now UpDateGrabbedEdge...
 I out graph json   frame Num = 1181
 characters in UpdateGrapEdges = 1
I am at UpdateGrah in EnvironmentGraph 1
Now UpDateGrabbedEdge...
 I out graph json   frame Num = 1182
 characters in UpdateGrapEdges = 1
I am at UpdateGrah in EnvironmentGraph 1
Now UpDateGrabbedEdge...
 I out graph json   frame Num = 1183
 characters in UpdateGrapEdges = 1
I am at UpdateGrah in EnvironmentGraph 1
Now UpDateGrabbedEdge...
 I out graph json   frame Num = 1184
 characters in UpdateGrapEdges = 1
I am at UpdateGrah in EnvironmentGraph 1
Now UpDateGrabbedEdge...
 I out graph json   frame Num = 1185
 characters in UpdateGrapEdges = 1
I am at UpdateGrah in EnvironmentGraph 1
Now UpDateGrabbedEdge...
 I out graph json   frame Num = 1186
 characters in UpdateGrapEdges = 1
I am at UpdateGrah in EnvironmentGraph 1
Now UpDateGrabbedEdge...
 I out graph json   frame Num = 1187
 characters in UpdateGrapEdges = 1
I am at UpdateGrah in EnvironmentGraph 1
Now UpDateGrabbedEdge...
 I out graph json   frame Num = 1188
 characters in UpdateGrapEdges = 1
I am at UpdateGrah in EnvironmentGraph 1
Now UpDateGrabbedEdge...
 I out graph json   frame Num = 1189
 characters in UpdateGrapEdges = 1
I am at UpdateGrah in EnvironmentGraph 1
Now UpDateGrabbedEdge...
 I out graph json   frame Num = 1190
 characters in UpdateGrapEdges = 1
I am at UpdateGrah in EnvironmentGraph 1
Now UpDateGrabbedEdge...
 I out graph json   frame Num = 1191
 characters in UpdateGrapEdges = 1
I am at UpdateGrah in EnvironmentGraph 1
Now UpDateGrabbedEdge...
 I out graph json   frame Num = 1192
 characters in UpdateGrapEdges = 1
I am at UpdateGrah in EnvironmentGraph 1
Now UpDateGrabbedEdge...
 I out graph json   frame Num = 1193
 characters in UpdateGrapEdges = 1
I am at UpdateGrah in EnvironmentGraph 1
Now UpDateGrabbedEdge...
 I out graph json   frame Num = 1194
 characters in UpdateGrapEdges = 1
I am at UpdateGrah in EnvironmentGraph 1
Now UpDateGrabbedEdge...
 I out graph json   frame Num = 1195
 characters in UpdateGrapEdges = 1
I am at UpdateGrah in EnvironmentGraph 1
Now UpDateGrabbedEdge...
 I out graph json   frame Num = 1196
 characters in UpdateGrapEdges = 1
I am at UpdateGrah in EnvironmentGraph 1
Now UpDateGrabbedEdge...
 I out graph json   frame Num = 1197
 characters in UpdateGrapEdges = 1
I am at UpdateGrah in EnvironmentGraph 1
Now UpDateGrabbedEdge...
 I out graph json   frame Num = 1198
 characters in UpdateGrapEdges = 1
I am at UpdateGrah in EnvironmentGraph 1
Now UpDateGrabbedEdge...
 I out graph json   frame Num = 1199
 characters in UpdateGrapEdges = 1
I am at UpdateGrah in EnvironmentGraph 1
Now UpDateGrabbedEdge...
 I out graph json   frame Num = 1200
 characters in UpdateGrapEdges = 1
I am at UpdateGrah in EnvironmentGraph 1
Now UpDateGrabbedEdge...
 I out graph json   frame Num = 1201
 characters in UpdateGrapEdges = 1
I am at UpdateGrah in EnvironmentGraph 1
Now UpDateGrabbedEdge...
 I out graph json   frame Num = 1202
 characters in UpdateGrapEdges = 1
I am at UpdateGrah in EnvironmentGraph 1
Now UpDateGrabbedEdge...
 I out graph json   frame Num = 1203
 characters in UpdateGrapEdges = 1
I am at UpdateGrah in EnvironmentGraph 1
Now UpDateGrabbedEdge...
 I out graph json   frame Num = 1204
 characters in UpdateGrapEdges = 1
I am at UpdateGrah in EnvironmentGraph 1
Now UpDateGrabbedEdge...
 I out graph json   frame Num = 1205
 characters in UpdateGrapEdges = 1
I am at UpdateGrah in EnvironmentGraph 1
Now UpDateGrabbedEdge...
 I out graph json   frame Num = 1206
 characters in UpdateGrapEdges = 1
I am at UpdateGrah in EnvironmentGraph 1
Now UpDateGrabbedEdge...
 I out graph json   frame Num = 1207
 characters in UpdateGrapEdges = 1
I am at UpdateGrah in EnvironmentGraph 1
Now UpDateGrabbedEdge...
 I out graph json   frame Num = 1208
 characters in UpdateGrapEdges = 1
I am at UpdateGrah in EnvironmentGraph 1
Now UpDateGrabbedEdge...
 I out graph json   frame Num = 1209
 characters in UpdateGrapEdges = 1
I am at UpdateGrah in EnvironmentGraph 1
Now UpDateGrabbedEdge...
 I out graph json   frame Num = 1210
 characters in UpdateGrapEdges = 1
I am at UpdateGrah in EnvironmentGraph 1
Now UpDateGrabbedEdge...
 I out graph json   frame Num = 1211
 characters in UpdateGrapEdges = 1
I am at UpdateGrah in EnvironmentGraph 1
Now UpDateGrabbedEdge...
 I out graph json   frame Num = 1212
 characters in UpdateGrapEdges = 1
I am at UpdateGrah in EnvironmentGraph 1
Now UpDateGrabbedEdge...
 I out graph json   frame Num = 1213
 characters in UpdateGrapEdges = 1
I am at UpdateGrah in EnvironmentGraph 1
Now UpDateGrabbedEdge...
 I out graph json   frame Num = 1214
 characters in UpdateGrapEdges = 1
I am at UpdateGrah in EnvironmentGraph 1
Now UpDateGrabbedEdge...
 I out graph json   frame Num = 1215
 characters in UpdateGrapEdges = 1
I am at UpdateGrah in EnvironmentGraph 1
Now UpDateGrabbedEdge...
 I out graph json   frame Num = 1216
 characters in UpdateGrapEdges = 1
I am at UpdateGrah in EnvironmentGraph 1
Now UpDateGrabbedEdge...
 I out graph json   frame Num = 1217
 characters in UpdateGrapEdges = 1
I am at UpdateGrah in EnvironmentGraph 1
Now UpDateGrabbedEdge...
 I out graph json   frame Num = 1218
 characters in UpdateGrapEdges = 1
I am at UpdateGrah in EnvironmentGraph 1
Now UpDateGrabbedEdge...
 I out graph json   frame Num = 1219
 characters in UpdateGrapEdges = 1
I am at UpdateGrah in EnvironmentGraph 1
Now UpDateGrabbedEdge...
 I out graph json   frame Num = 1220
 characters in UpdateGrapEdges = 1
I am at UpdateGrah in EnvironmentGraph 1
Now UpDateGrabbedEdge...
 I out graph json   frame Num = 1221
 characters in UpdateGrapEdges = 1
I am at UpdateGrah in EnvironmentGraph 1
Now UpDateGrabbedEdge...
 I out graph json   frame Num = 1222
 characters in UpdateGrapEdges = 1
I am at UpdateGrah in EnvironmentGraph 1
Now UpDateGrabbedEdge...
 I out graph json   frame Num = 1223
 characters in UpdateGrapEdges = 1
I am at UpdateGrah in EnvironmentGraph 1
Now UpDateGrabbedEdge...
 I out graph json   frame Num = 1224
 characters in UpdateGrapEdges = 1
I am at UpdateGrah in EnvironmentGraph 1
Now UpDateGrabbedEdge...
 I out graph json   frame Num = 1225
 characters in UpdateGrapEdges = 1
I am at UpdateGrah in EnvironmentGraph 1
Now UpDateGrabbedEdge...
 I out graph json   frame Num = 1226
 characters in UpdateGrapEdges = 1
I am at UpdateGrah in EnvironmentGraph 1
Now UpDateGrabbedEdge...
 I out graph json   frame Num = 1227
 characters in UpdateGrapEdges = 1
I am at UpdateGrah in EnvironmentGraph 1
Now UpDateGrabbedEdge...
 I out graph json   frame Num = 1228
 characters in UpdateGrapEdges = 1
I am at UpdateGrah in EnvironmentGraph 1
Now UpDateGrabbedEdge...
 I out graph json   frame Num = 1229
 characters in UpdateGrapEdges = 1
I am at UpdateGrah in EnvironmentGraph 1
Now UpDateGrabbedEdge...
 I out graph json   frame Num = 1230
 characters in UpdateGrapEdges = 1
I am at UpdateGrah in EnvironmentGraph 1
Now UpDateGrabbedEdge...
 I out graph json   frame Num = 1231
 characters in UpdateGrapEdges = 1
I am at UpdateGrah in EnvironmentGraph 1
Now UpDateGrabbedEdge...
 I out graph json   frame Num = 1232
 characters in UpdateGrapEdges = 1
I am at UpdateGrah in EnvironmentGraph 1
Now UpDateGrabbedEdge...
 I out graph json   frame Num = 1233
 characters in UpdateGrapEdges = 1
I am at UpdateGrah in EnvironmentGraph 1
Now UpDateGrabbedEdge...
 I out graph json   frame Num = 1234
 characters in UpdateGrapEdges = 1
I am at UpdateGrah in EnvironmentGraph 1
Now UpDateGrabbedEdge...
 I out graph json   frame Num = 1235
 characters in UpdateGrapEdges = 1
I am at UpdateGrah in EnvironmentGraph 1
Now UpDateGrabbedEdge...
 I out graph json   frame Num = 1236
 characters in UpdateGrapEdges = 1
I am at UpdateGrah in EnvironmentGraph 1
Now UpDateGrabbedEdge...
 I out graph json   frame Num = 1237
 characters in UpdateGrapEdges = 1
I am at UpdateGrah in EnvironmentGraph 1
Now UpDateGrabbedEdge...
 I out graph json   frame Num = 1238
 characters in UpdateGrapEdges = 1
I am at UpdateGrah in EnvironmentGraph 1
Now UpDateGrabbedEdge...
 I out graph json   frame Num = 1239
 characters in UpdateGrapEdges = 1
I am at UpdateGrah in EnvironmentGraph 1
Now UpDateGrabbedEdge...
 I out graph json   frame Num = 1240
 characters in UpdateGrapEdges = 1
I am at UpdateGrah in EnvironmentGraph 1
Now UpDateGrabbedEdge...
 I out graph json   frame Num = 1241
 characters in UpdateGrapEdges = 1
I am at UpdateGrah in EnvironmentGraph 1
Now UpDateGrabbedEdge...
 I out graph json   frame Num = 1242
 characters in UpdateGrapEdges = 1
I am at UpdateGrah in EnvironmentGraph 1
Now UpDateGrabbedEdge...
 I out graph json   frame Num = 1243
 characters in UpdateGrapEdges = 1
I am at UpdateGrah in EnvironmentGraph 1
Now UpDateGrabbedEdge...
 I out graph json   frame Num = 1244
 characters in UpdateGrapEdges = 1
I am at UpdateGrah in EnvironmentGraph 1
Now UpDateGrabbedEdge...
 I out graph json   frame Num = 1245
 characters in UpdateGrapEdges = 1
I am at UpdateGrah in EnvironmentGraph 1
Now UpDateGrabbedEdge...
 I out graph json   frame Num = 1246
 characters in UpdateGrapEdges = 1
I am at UpdateGrah in EnvironmentGraph 1
Now UpDateGrabbedEdge...
 I out graph json   frame Num = 1247
 characters in UpdateGrapEdges = 1
I am at UpdateGrah in EnvironmentGraph 1
Now UpDateGrabbedEdge...
 I out graph json   frame Num = 1248
 characters in UpdateGrapEdges = 1
I am at UpdateGrah in EnvironmentGraph 1
Now UpDateGrabbedEdge...
 I out graph json   frame Num = 1249
 characters in UpdateGrapEdges = 1
I am at UpdateGrah in EnvironmentGraph 1
Now UpDateGrabbedEdge...
 I out graph json   frame Num = 1250
 characters in UpdateGrapEdges = 1
I am at UpdateGrah in EnvironmentGraph 1
Now UpDateGrabbedEdge...
 I out graph json   frame Num = 1251
 characters in UpdateGrapEdges = 1
I am at UpdateGrah in EnvironmentGraph 1
Now UpDateGrabbedEdge...
 I out graph json   frame Num = 1252
 characters in UpdateGrapEdges = 1
I am at UpdateGrah in EnvironmentGraph 1
Now UpDateGrabbedEdge...
 I out graph json   frame Num = 1253
 characters in UpdateGrapEdges = 1
I am at UpdateGrah in EnvironmentGraph 1
Now UpDateGrabbedEdge...
 I out graph json   frame Num = 1254
 characters in UpdateGrapEdges = 1
I am at UpdateGrah in EnvironmentGraph 1
Now UpDateGrabbedEdge...
 I out graph json   frame Num = 1255
 characters in UpdateGrapEdges = 1
I am at UpdateGrah in EnvironmentGraph 1
Now UpDateGrabbedEdge...
 I out graph json   frame Num = 1256
 characters in UpdateGrapEdges = 1
I am at UpdateGrah in EnvironmentGraph 1
Now UpDateGrabbedEdge...
 I out graph json   frame Num = 1257
 characters in UpdateGrapEdges = 1
I am at UpdateGrah in EnvironmentGraph 1
Now UpDateGrabbedEdge...
 I out graph json   frame Num = 1258
 characters in UpdateGrapEdges = 1
I am at UpdateGrah in EnvironmentGraph 1
Now UpDateGrabbedEdge...
 I out graph json   frame Num = 1259
 characters in UpdateGrapEdges = 1
I am at UpdateGrah in EnvironmentGraph 1
Now UpDateGrabbedEdge...
 I out graph json   frame Num = 1260
 characters in UpdateGrapEdges = 1
I am at UpdateGrah in EnvironmentGraph 1
Now UpDateGrabbedEdge...
 I out graph json   frame Num = 1261
 characters in UpdateGrapEdges = 1
I am at UpdateGrah in EnvironmentGraph 1
Now UpDateGrabbedEdge...
 I out graph json   frame Num = 1262
 characters in UpdateGrapEdges = 1
I am at UpdateGrah in EnvironmentGraph 1
Now UpDateGrabbedEdge...
 I out graph json   frame Num = 1263
 characters in UpdateGrapEdges = 1
I am at UpdateGrah in EnvironmentGraph 1
Now UpDateGrabbedEdge...
 I out graph json   frame Num = 1264
 characters in UpdateGrapEdges = 1
I am at UpdateGrah in EnvironmentGraph 1
Now UpDateGrabbedEdge...
 I out graph json   frame Num = 1265
 characters in UpdateGrapEdges = 1
I am at UpdateGrah in EnvironmentGraph 1
Now UpDateGrabbedEdge...
 I out graph json   frame Num = 1266
 characters in UpdateGrapEdges = 1
I am at UpdateGrah in EnvironmentGraph 1
Now UpDateGrabbedEdge...
 I out graph json   frame Num = 1267
 characters in UpdateGrapEdges = 1
I am at UpdateGrah in EnvironmentGraph 1
Now UpDateGrabbedEdge...
 I out graph json   frame Num = 1268
 characters in UpdateGrapEdges = 1
I am at UpdateGrah in EnvironmentGraph 1
Now UpDateGrabbedEdge...
 I out graph json   frame Num = 1269
 characters in UpdateGrapEdges = 1
I am at UpdateGrah in EnvironmentGraph 1
Now UpDateGrabbedEdge...
 I out graph json   frame Num = 1270
 characters in UpdateGrapEdges = 1
I am at UpdateGrah in EnvironmentGraph 1
Now UpDateGrabbedEdge...
 I out graph json   frame Num = 1271
 characters in UpdateGrapEdges = 1
I am at UpdateGrah in EnvironmentGraph 1
Now UpDateGrabbedEdge...
 I out graph json   frame Num = 1272
 characters in UpdateGrapEdges = 1
I am at UpdateGrah in EnvironmentGraph 1
Now UpDateGrabbedEdge...
 I out graph json   frame Num = 1273
 characters in UpdateGrapEdges = 1
I am at UpdateGrah in EnvironmentGraph 1
Now UpDateGrabbedEdge...
 I out graph json   frame Num = 1274
 characters in UpdateGrapEdges = 1
I am at UpdateGrah in EnvironmentGraph 1
Now UpDateGrabbedEdge...
 I out graph json   frame Num = 1275
 characters in UpdateGrapEdges = 1
I am at UpdateGrah in EnvironmentGraph 1
Now UpDateGrabbedEdge...
 I out graph json   frame Num = 1276
 characters in UpdateGrapEdges = 1
I am at UpdateGrah in EnvironmentGraph 1
Now UpDateGrabbedEdge...
 I out graph json   frame Num = 1277
 characters in UpdateGrapEdges = 1
I am at UpdateGrah in EnvironmentGraph 1
Now UpDateGrabbedEdge...
 I out graph json   frame Num = 1278
 characters in UpdateGrapEdges = 1
I am at UpdateGrah in EnvironmentGraph 1
Now UpDateGrabbedEdge...
 I out graph json   frame Num = 1279
 characters in UpdateGrapEdges = 1
I am at UpdateGrah in EnvironmentGraph 1
Now UpDateGrabbedEdge...
 I out graph json   frame Num = 1280
 characters in UpdateGrapEdges = 1
I am at UpdateGrah in EnvironmentGraph 1
Now UpDateGrabbedEdge...
 I out graph json   frame Num = 1281
 characters in UpdateGrapEdges = 1
I am at UpdateGrah in EnvironmentGraph 1
Now UpDateGrabbedEdge...
 I out graph json   frame Num = 1282
 characters in UpdateGrapEdges = 1
I am at UpdateGrah in EnvironmentGraph 1
Now UpDateGrabbedEdge...
 I out graph json   frame Num = 1283
 characters in UpdateGrapEdges = 1
I am at UpdateGrah in EnvironmentGraph 1
Now UpDateGrabbedEdge...
 I out graph json   frame Num = 1284
 characters in UpdateGrapEdges = 1
I am at UpdateGrah in EnvironmentGraph 1
Now UpDateGrabbedEdge...
 I out graph json   frame Num = 1285
 characters in UpdateGrapEdges = 1
I am at UpdateGrah in EnvironmentGraph 1
Now UpDateGrabbedEdge...
 I out graph json   frame Num = 1286
 characters in UpdateGrapEdges = 1
I am at UpdateGrah in EnvironmentGraph 1
Now UpDateGrabbedEdge...
 I out graph json   frame Num = 1287
 characters in UpdateGrapEdges = 1
I am at UpdateGrah in EnvironmentGraph 1
Now UpDateGrabbedEdge...
 I out graph json   frame Num = 1288
 characters in UpdateGrapEdges = 1
I am at UpdateGrah in EnvironmentGraph 1
Now UpDateGrabbedEdge...
 I out graph json   frame Num = 1289
 characters in UpdateGrapEdges = 1
I am at UpdateGrah in EnvironmentGraph 1
Now UpDateGrabbedEdge...
 I out graph json   frame Num = 1290
 characters in UpdateGrapEdges = 1
I am at UpdateGrah in EnvironmentGraph 1
Now UpDateGrabbedEdge...
 I out graph json   frame Num = 1291
 characters in UpdateGrapEdges = 1
I am at UpdateGrah in EnvironmentGraph 1
Now UpDateGrabbedEdge...
 I out graph json   frame Num = 1292
 characters in UpdateGrapEdges = 1
I am at UpdateGrah in EnvironmentGraph 1
Now UpDateGrabbedEdge...
 I out graph json   frame Num = 1293
 characters in UpdateGrapEdges = 1
I am at UpdateGrah in EnvironmentGraph 1
Now UpDateGrabbedEdge...
 I out graph json   frame Num = 1294
 characters in UpdateGrapEdges = 1
I am at UpdateGrah in EnvironmentGraph 1
Now UpDateGrabbedEdge...
 I out graph json   frame Num = 1295
 characters in UpdateGrapEdges = 1
I am at UpdateGrah in EnvironmentGraph 1
Now UpDateGrabbedEdge...
 I out graph json   frame Num = 1296
 characters in UpdateGrapEdges = 1
I am at UpdateGrah in EnvironmentGraph 1
Now UpDateGrabbedEdge...
 I out graph json   frame Num = 1297
 characters in UpdateGrapEdges = 1
I am at UpdateGrah in EnvironmentGraph 1
Now UpDateGrabbedEdge...
 I out graph json   frame Num = 1298
 characters in UpdateGrapEdges = 1
I am at UpdateGrah in EnvironmentGraph 1
Now UpDateGrabbedEdge...
 I out graph json   frame Num = 1299
 characters in UpdateGrapEdges = 1
I am at UpdateGrah in EnvironmentGraph 1
Now UpDateGrabbedEdge...
 I out graph json   frame Num = 1300
 characters in UpdateGrapEdges = 1
I am at UpdateGrah in EnvironmentGraph 1
Now UpDateGrabbedEdge...
 I out graph json   frame Num = 1301
 characters in UpdateGrapEdges = 1
I am at UpdateGrah in EnvironmentGraph 1
Now UpDateGrabbedEdge...
 I out graph json   frame Num = 1302
 characters in UpdateGrapEdges = 1
I am at UpdateGrah in EnvironmentGraph 1
Now UpDateGrabbedEdge...
 I out graph json   frame Num = 1303
 characters in UpdateGrapEdges = 1
I am at UpdateGrah in EnvironmentGraph 1
Now UpDateGrabbedEdge...
 I out graph json   frame Num = 1304
 characters in UpdateGrapEdges = 1
I am at UpdateGrah in EnvironmentGraph 1
Now UpDateGrabbedEdge...
 I out graph json   frame Num = 1305
 characters in UpdateGrapEdges = 1
I am at UpdateGrah in EnvironmentGraph 1
Now UpDateGrabbedEdge...
 I out graph json   frame Num = 1306
 characters in UpdateGrapEdges = 1
I am at UpdateGrah in EnvironmentGraph 1
Now UpDateGrabbedEdge...
 I out graph json   frame Num = 1307
 characters in UpdateGrapEdges = 1
I am at UpdateGrah in EnvironmentGraph 1
Now UpDateGrabbedEdge...
 I out graph json   frame Num = 1308
 characters in UpdateGrapEdges = 1
I am at UpdateGrah in EnvironmentGraph 1
Now UpDateGrabbedEdge...
 I out graph json   frame Num = 1309
 characters in UpdateGrapEdges = 1
I am at UpdateGrah in EnvironmentGraph 1
Now UpDateGrabbedEdge...
 I out graph json   frame Num = 1310
 characters in UpdateGrapEdges = 1
I am at UpdateGrah in EnvironmentGraph 1
Now UpDateGrabbedEdge...
 I out graph json   frame Num = 1311
 characters in UpdateGrapEdges = 1
I am at UpdateGrah in EnvironmentGraph 1
Now UpDateGrabbedEdge...
 I out graph json   frame Num = 1312
 characters in UpdateGrapEdges = 1
I am at UpdateGrah in EnvironmentGraph 1
Now UpDateGrabbedEdge...
 I out graph json   frame Num = 1313
 characters in UpdateGrapEdges = 1
I am at UpdateGrah in EnvironmentGraph 1
Now UpDateGrabbedEdge...
 I out graph json   frame Num = 1314
 characters in UpdateGrapEdges = 1
I am at UpdateGrah in EnvironmentGraph 1
Now UpDateGrabbedEdge...
 I out graph json   frame Num = 1315
 characters in UpdateGrapEdges = 1
I am at UpdateGrah in EnvironmentGraph 1
Now UpDateGrabbedEdge...
 I out graph json   frame Num = 1316
 characters in UpdateGrapEdges = 1
I am at UpdateGrah in EnvironmentGraph 1
Now UpDateGrabbedEdge...
 I out graph json   frame Num = 1317
 characters in UpdateGrapEdges = 1
I am at UpdateGrah in EnvironmentGraph 1
Now UpDateGrabbedEdge...
 I out graph json   frame Num = 1318
 characters in UpdateGrapEdges = 1
I am at UpdateGrah in EnvironmentGraph 1
Now UpDateGrabbedEdge...
 I out graph json   frame Num = 1319
 characters in UpdateGrapEdges = 1
I am at UpdateGrah in EnvironmentGraph 1
Now UpDateGrabbedEdge...
 I out graph json   frame Num = 1320
 characters in UpdateGrapEdges = 1
I am at UpdateGrah in EnvironmentGraph 1
Now UpDateGrabbedEdge...
 I out graph json   frame Num = 1321
 characters in UpdateGrapEdges = 1
I am at UpdateGrah in EnvironmentGraph 1
Now UpDateGrabbedEdge...
 I out graph json   frame Num = 1322
 characters in UpdateGrapEdges = 1
I am at UpdateGrah in EnvironmentGraph 1
Now UpDateGrabbedEdge...
 I out graph json   frame Num = 1323
 characters in UpdateGrapEdges = 1
I am at UpdateGrah in EnvironmentGraph 1
Now UpDateGrabbedEdge...
 I out graph json   frame Num = 1324
 characters in UpdateGrapEdges = 1
I am at UpdateGrah in EnvironmentGraph 1
Now UpDateGrabbedEdge...
 I out graph json   frame Num = 1325
 characters in UpdateGrapEdges = 1
I am at UpdateGrah in EnvironmentGraph 1
Now UpDateGrabbedEdge...
 I out graph json   frame Num = 1326
 characters in UpdateGrapEdges = 1
I am at UpdateGrah in EnvironmentGraph 1
Now UpDateGrabbedEdge...
 I out graph json   frame Num = 1327
 characters in UpdateGrapEdges = 1
I am at UpdateGrah in EnvironmentGraph 1
Now UpDateGrabbedEdge...
 I out graph json   frame Num = 1328
